no,id,listingType,type,parentType,price,currency,basePrice,baseCurrency,roomCount,livingRoomCount,roomSlug,size,cityId,cityName,countyId,countyName,districtId,districtName
667000,1533945,Sale,Daire,Konut,320000,TRY,320000,TRY,3,1,3 + 1,170,44190,Zonguldak,44415,Ereğli,44479,Süleymanlar
667001,1341869,Sale,Daire,Konut,594000,TRY,594000,TRY,3,1,3 + 1,140,1,İstanbul,625,Maltepe,627,Altıntepe
667002,2003770,Sale,Daire,Konut,98000,TRY,98000,TRY,1,1,1 + 1,60,36701,Samsun,36803,Atakum,36823,Körfez
667003,1768335,Sale,Daire,Konut,230000,TRY,230000,TRY,3,1,3 + 1,180,6253,Kocaeli,6357,Gebze,6362,Beylikbağı
667004,1702805,Sale,Daire,Konut,235000,TRY,235000,TRY,2,1,2 + 1,125,17102,Düzce,17250,Düzce Merkez,70686,Kültür
667005,2215059,Sale,Rezidans,Konut,245000,TRY,245000,TRY,1,1,1 + 1,75,3960,Antalya,4065,Alanya,4087,Mahmutlar
667006,1805197,Sale,Daire,Konut,210000,TRY,210000,TRY,4,1,4 + 1,200,1012,Ankara,2071,Mamak,2110,Kutlu
667007,2090080,Sale,Daire,Konut,50000,TRY,50000,TRY,2,1,2 + 1,95,2554,İzmir,3183,Karşıyaka,3193,Nergiz
667008,1819038,Rent,Dükkan / Mağaza,İşyeri,600,TRY,600,TRY,,,,50,1012,Ankara,2482,Yenimahalle,2499,Demetlale
667009,1697369,Sale,Daire,Konut,177000,TRY,177000,TRY,2,1,2 + 1,110,13752,Bolu,13823,Bolu Merkez,70180,İzzet Baysal
667010,2001725,Sale,Müstakil Ev,Konut,500000,TRY,500000,TRY,3,1,3 + 1,210,10423,Aydın,10576,Didim,10591,Ak-Yeniköy
667011,1921356,Sale,Tarla,Arsa,390000,TRY,390000,TRY,,,,600,32637,Muğla,32638,Bodrum,54645,Geriş
667012,1672277,Rent,Plaza Ofisi,İşyeri,2000,TRY,2000,TRY,,,,85,1,İstanbul,625,Maltepe,640,Esenkent
667013,1913365,Sale,Daire,Konut,235000,TRY,235000,TRY,1,1,1 + 1,65,2554,İzmir,3183,Karşıyaka,3195,Şemikler
667014,1689066,Sale,Villa,Konut,1400000,TRY,1400000,TRY,3,1,3 + 1,130,32637,Muğla,32638,Bodrum,32702,Yalıkavak
667015,2123224,Rent,Daire,Konut,800,TRY,800,TRY,1,1,1 + 1,55,9806,Amasya,9865,Amasya Merkez,70193,Şeyhcui
667016,1602459,Sale,Daire,Konut,350000,TRY,350000,TRY,3,1,3 + 1,200,28777,Malatya,29593,Yeşilyurt,29657,Bostanbaşı
667017,1473594,Rent,Daire,Konut,1500,TRY,1500,TRY,2,1,2 + 1,120,1,İstanbul,144,Bayrampaşa,146,Kartaltepe
667018,933665,Sale,Daire,Konut,133000,TRY,133000,TRY,3,1,3 + 1,100,1012,Ankara,2071,Mamak,2091,Cengizhan
667019,1696910,Sale,Daire,Konut,470000,TRY,470000,TRY,3,1,3 + 1,150,19584,Eskişehir,19836,Odunpazarı,19844,Arifiye
667020,2292380,Sale,Daire,Konut,145000,TRY,145000,TRY,2,1,2 + 1,100,43620,Yalova,43662,Çınarcık,43665,Harmanlar
667021,1672342,Sale,Yazlık,Konut,761000,TRY,761000,TRY,5,2,5 + 2,245,10423,Aydın,10831,Kuşadası,10857,Soğucak
667022,991307,Sale,Daire,Konut,200000,TRY,200000,TRY,2,1,2 + 1,90,10423,Aydın,10831,Kuşadası,10842,Kadınlar Denizi
667023,1660361,Rent,Villa,Konut,45900,TRY,45900,TRY,8,2,8 + 2,800,32637,Muğla,32638,Bodrum,32702,Yalıkavak
667024,2294132,Sale,Daire,Konut,50000,TRY,50000,TRY,2,1,2 + 1,95,32637,Muğla,32733,Datça,32734,Datça
667025,1165910,Sale,Müstakil Ev,Konut,79000,TRY,79000,TRY,2,2,2 + 2,125,31676,Mersin,32322,Tarsus,32400,Tekke
667026,1967801,Rent,Daire,Konut,900,TRY,900,TRY,2,1,2 + 1,100,32637,Muğla,32956,Milas,33005,Aydınlıkevler
667027,2084606,Rent,Daire,Konut,1100,TRY,1100,TRY,3,1,3 + 1,150,36701,Samsun,36803,Atakum,36823,Körfez
667028,2009442,Sale,Daire,Konut,400000,TRY,400000,TRY,3,1,3 + 1,165,21009,Giresun,21301,Giresun Merkez,70886,Teyyaredüzü
667029,983137,Sale,Anaokulu,İşyeri,160000,TRY,160000,TRY,,,,450,1,İstanbul,703,Sarıyer,705,Tarabya
667030,653971,Sale,Tarla,Arsa,700000,TRY,700000,TRY,,,,28002,6253,Kocaeli,6661,Karamürsel,6684,Hayriye
667031,1572985,Rent,Daire,Konut,900,TRY,900,TRY,1,1,1 + 1,45,10423,Aydın,11113,Efeler,11133,Orta
667032,1333226,Rent,Dükkan / Mağaza,İşyeri,2000,TRY,2000,TRY,,,,200,12672,Batman,12834,Batman Merkez,72334,Pazaryeri
667033,1993846,Sale,Daire,Konut,410000,TRY,410000,TRY,2,1,2 + 1,90,1,İstanbul,66134,Eyüpsultan,66143,Karadolap
667034,1999402,Sale,Daire,Konut,30000,TRY,30000,TRY,2,1,2 + 1,100,1,İstanbul,644,Pendik,645,Kurtköy
667035,2283044,Sale,Daire,Konut,272000,TRY,272000,TRY,3,1,3 + 1,175,25014,Kayseri,25245,Kocasinan,25326,Ziyagökalp
667036,751423,Sale,Daire,Konut,165000,TRY,165000,TRY,3,1,3 + 1,120,1012,Ankara,1912,Keçiören,1941,Kanuni
667037,2304178,Rent,Daire,Konut,2600,TRY,2600,TRY,2,1,2 + 1,75,1,İstanbul,537,Kadıköy,553,Feneryolu
667038,1742160,Rent,Daire,Konut,850,TRY,850,TRY,1,1,1 + 1,50,2554,İzmir,2907,Buca,2910,Atatürk
667039,2018141,Rent,Rezidans,Konut,4750,TRY,4750,TRY,1,1,1 + 1,110,1,İstanbul,843,Şişli,846,Mecidiyeköy
667040,1696818,Sale,Tarla,Arsa,530000,TRY,530000,TRY,,,,1800,35966,Sakarya,36595,Sapanca,36614,Uzunkum
667041,1684204,Sale,Daire,Konut,275000,TRY,275000,TRY,4,2,4 + 2,240,1,İstanbul,806,Silivri,826,Piri Mehmet Paşa
667042,2119560,Sale,Daire,Konut,725000,TRY,725000,TRY,2,1,2 + 1,115,1,İstanbul,537,Kadıköy,538,Göztepe
667043,2289531,Sale,Daire,Konut,240000,TRY,240000,TRY,2,1,2 + 1,125,20173,Gaziantep,20627,Şahinbey,20631,Bülbülzade
667044,785246,Sale,Daire,Konut,125000,TRY,125000,TRY,2,1,2 + 1,110,1,İstanbul,394,Esenyurt,405,İncirtepe
667045,1735485,Sale,Dükkan / Mağaza,İşyeri,1200000,TRY,1200000,TRY,,,,80,1,İstanbul,113,Bakırköy,69723,Ataköy 7-8-9-10. Kısım
667046,2072591,Rent,Daire,Konut,900,TRY,900,TRY,3,1,3 + 1,110,35966,Sakarya,36626,Serdivan,36637,Köprübaşı
667047,1044510,Sale,Tarla,Arsa,147000,TRY,147000,TRY,,,,7000,5092,Bursa,6109,Yenişehir,6143,Kozdere
667048,1831122,Sale,Daire,Konut,160000,TRY,160000,TRY,3,1,3 + 1,120,35966,Sakarya,36052,Akyazı,36063,Gazi Süleyman Paşa
667049,2046255,Sale,Daire,Konut,299000,TRY,299000,TRY,2,1,2 + 1,85,1,İstanbul,525,Güngören,535,Merkez
667050,1687264,Sale,Daire,Konut,180000,TRY,180000,TRY,2,1,2 + 1,110,1,İstanbul,394,Esenyurt,47880,Zafer
667051,2225700,Sale,Daire,Konut,150000,TRY,150000,TRY,3,1,3 + 1,110,1012,Ankara,1322,Çankaya,1358,Cebeci
667052,2243502,Sale,Dükkan / Mağaza,İşyeri,395000,TRY,395000,TRY,,,,180,3960,Antalya,4574,Kepez,4599,Güneş
667053,1976753,Sale,Tarla,Arsa,2500000,TRY,2500000,TRY,,,,3550,40596,Tekirdağ,40916,Ergene,74627,Marmaracık
667054,2304271,Sale,Daire,Konut,329000,TRY,329000,TRY,4,1,4 + 1,250,1012,Ankara,1912,Keçiören,1918,Etlik
667055,1579730,Sale,Konut İmarlı,Arsa,1000000,TRY,1000000,TRY,,,,1097,25014,Kayseri,25366,Melikgazi,25378,Esentepe
667056,1940510,Rent,Dükkan / Mağaza,İşyeri,19000,TRY,19000,TRY,,,,180,1,İstanbul,49,Ataşehir,69752,Atatürk
667057,928061,Sale,Rezidans,Konut,350000,TRY,350000,TRY,1,1,1 + 1,60,1,İstanbul,78,Bağcılar,79,Güneşli
667058,1817003,Sale,Müstakil Ev,Konut,260000,TRY,260000,TRY,3,1,3 + 1,140,35966,Sakarya,36419,Karasu,36424,Yalı
667059,2271242,Sale,Daire,Konut,175000,TRY,175000,TRY,2,1,2 + 1,105,3960,Antalya,4574,Kepez,4632,Varsak Karşıyaka
667060,1910372,Sale,Daire,Konut,215000,TRY,215000,TRY,2,1,2 + 1,90,2554,İzmir,2907,Buca,2936,Mustafa Kemal
667061,1731879,Rent,Daire,Konut,600,TRY,600,TRY,1,1,1 + 1,35,43717,Yozgat,43929,Yozgat Merkez,69879,Aşağınohutlu
667062,2088475,Sale,Daire,Konut,185000,TRY,185000,TRY,3,1,3 + 1,150,25014,Kayseri,25366,Melikgazi,25405,Mimarsinandemokrasi
667063,1767779,Sale,Daire,Konut,625000,TRY,625000,TRY,2,1,2 + 1,82,5092,Bursa,5776,Nilüfer,5777,23 Nisan
667064,1857609,Sale,Daire,Konut,375000,TRY,375000,TRY,2,1,2 + 1,100,1,İstanbul,229,Beylikdüzü,236,Adnan Kahveci
667065,1470702,Sale,Müstakil Ev,Konut,1500000,TRY,1500000,TRY,4,3,4 + 3,1500,6253,Kocaeli,6704,Kartepe,58294,Balaban
667066,1607693,Sale,Daire,Konut,305000,TRY,305000,TRY,2,1,2 + 1,95,1,İstanbul,806,Silivri,73135,Selimpaşa
667067,2290631,Rent,Daire,Konut,600,TRY,600,TRY,1,1,1 + 1,65,19584,Eskişehir,20081,Tepebaşı,20147,Bahçelievler
667068,2047543,Sale,Daire,Konut,385000,TRY,385000,TRY,3,1,3 + 1,129,1,İstanbul,644,Pendik,662,Çamlık
667069,1779006,Rent,Daire,Konut,400,TRY,400,TRY,2,1,2 + 1,60,40596,Tekirdağ,40626,Çorlu,40631,Havuzlar
667070,1402483,Sale,Çok Amaçlı,Arsa,850000,TRY,850000,TRY,,,,23550,17102,Düzce,17133,Çilimli,67080,Yenivakıf Köyü
667071,1722312,Sale,Daire,Konut,179000,TRY,179000,TRY,2,1,2 + 1,85,1,İstanbul,394,Esenyurt,396,Fatih
667072,1758030,Rent,Ofis,İşyeri,1500,TRY,1500,TRY,1,0,1 + 0,20,1,İstanbul,537,Kadıköy,552,Fenerbahçe
667073,1667682,Sale,Daire,Konut,255000,TRY,255000,TRY,3,1,3 + 1,185,6826,Adana,6995,Çukurova,6997,Beyazevler
667074,1576313,Sale,Atölye,İşyeri,85000,TRY,85000,TRY,,,,75,1,İstanbul,926,Ümraniye,947,Namık Kemal
667075,1611427,Sale,Dükkan / Mağaza,İşyeri,1250000,TRY,1250000,TRY,,,,200,1,İstanbul,625,Maltepe,630,Bağlarbaşı
667076,2055111,Rent,Daire,Konut,850,TRY,850,TRY,3,1,3 + 1,160,26630,Konya,27615,Karatay,27623,Fetih
667077,1761210,Sale,Bahçe,Arsa,2650000,TRY,2650000,TRY,,,,24000,31676,Mersin,31885,Erdemli,31899,Tömük
667078,1910477,Sale,Daire,Konut,340000,TRY,340000,TRY,3,1,3 + 1,130,29689,Manisa,30838,Yunusemre,30840,Hafsa Sultan
667079,1819339,Rent,Daire,Konut,2700,TRY,2700,TRY,2,1,2 + 1,123,1,İstanbul,625,Maltepe,637,Zümrütevler
667080,2036555,Rent,Daire,Konut,700,TRY,700,TRY,1,1,1 + 1,60,1,İstanbul,287,Büyükçekmece,291,Fatih
667081,1788443,Rent,Daire,Konut,5200,TRY,5200,TRY,5,1,5 + 1,300,20173,Gaziantep,20817,Şehitkamil,20915,Atatürk
667082,2065425,Sale,Daire,Konut,240000,TRY,240000,TRY,3,1,3 + 1,190,14264,Çanakkale,14321,Biga,14323,Cumhuriyet
667083,2199183,Sale,Daire,Konut,880000,TRY,880000,TRY,5,1,5 + 1,220,2554,İzmir,3183,Karşıyaka,3196,Yalı
667084,1650749,Rent,Daire,Konut,1300,TRY,1300,TRY,2,1,2 + 1,80,1,İstanbul,113,Bakırköy,119,Osmaniye
667085,1902954,Rent,Daire,Konut,1100,TRY,1100,TRY,3,1,3 + 1,175,36701,Samsun,36803,Atakum,36826,Yenimahalle
667086,1995442,Rent,Daire,Konut,700,TRY,700,TRY,1,1,1 + 1,60,15241,Denizli,15957,Merkezefendi,15984,Değirmenönü
667087,1416729,Rent,Daire,Konut,1100,TRY,1100,TRY,1,1,1 + 1,60,25014,Kayseri,25691,Talas,25706,Mevlana
667088,1834660,Rent,Daire,Konut,1350,TRY,1350,TRY,3,1,3 + 1,165,20173,Gaziantep,20817,Şehitkamil,66335,Alpaslan
667089,1790147,Rent,Daire,Konut,10000,TRY,10000,TRY,3,1,3 + 1,220,1,İstanbul,66134,Eyüpsultan,66199,Göktürk Merkez
667090,2256838,Sale,Daire,Konut,480000,TRY,480000,TRY,3,1,3 + 1,260,5092,Bursa,5776,Nilüfer,5777,23 Nisan
667091,1558661,Rent,Daire,Konut,1000,TRY,1000,TRY,2,1,2 + 1,110,10423,Aydın,11113,Efeler,11126,Güzelhisar
667092,1313348,Sale,Daire,Konut,185000,TRY,185000,TRY,3,1,3 + 1,136,41024,Tokat,41192,Tokat Merkez,70738,Büyük Beybağı
667093,1534784,Sale,Çok Amaçlı,Arsa,275000,TRY,275000,TRY,,,,440,10423,Aydın,10576,Didim,10589,Akbük
667094,1481023,Sale,Yazlık,Konut,325000,TRY,325000,TRY,3,1,3 + 1,115,10423,Aydın,10831,Kuşadası,10842,Kadınlar Denizi
667095,1237977,Sale,Rezidans,Konut,4104000,TRY,4104000,TRY,2,1,2 + 1,155,1,İstanbul,156,Beşiktaş,165,Balmumcu
667096,1348589,Sale,Daire,Konut,420000,TRY,420000,TRY,4,1,4 + 1,186,2554,İzmir,2907,Buca,2914,Yenigün
667097,1998967,Sale,Daire,Konut,360000,TRY,360000,TRY,3,1,3 + 1,160,2554,İzmir,3858,Torbalı,3880,Muratbey
667098,1593132,Sale,Dükkan / Mağaza,İşyeri,250000,TRY,250000,TRY,,,,90,36701,Samsun,36803,Atakum,36819,Esenevler
667099,1733953,Rent,Daire,Konut,2500,TRY,2500,TRY,3,1,3 + 1,150,65868,K.K.T.C,65877,Lefkoşa,65993,Göçmenköy Mh.
667100,1531028,Sale,Daire,Konut,225000,TRY,225000,TRY,2,1,2 + 1,85,2554,İzmir,3102,Karabağlar,3113,Bozyaka
667101,1894654,Sale,Daire,Konut,270000,TRY,270000,TRY,2,1,2 + 1,120,2554,İzmir,3183,Karşıyaka,3192,Donanmacı
667102,1230307,Sale,Muhtelif Arsa,Arsa,2000000,TRY,2000000,TRY,,,,22000,3960,Antalya,4065,Alanya,4190,Uğrak
667103,524058,Sale,Daire,Konut,360000,TRY,360000,TRY,2,1,2 + 1,90,1,İstanbul,66134,Eyüpsultan,66157,Yeşilpınar
667104,1873071,Sale,Daire,Konut,740000,TRY,740000,TRY,3,1,3 + 1,180,1,İstanbul,355,Çekmeköy,358,Alemdağ
667105,318984,Sale,Rezidans,Konut,180000,TRY,180000,TRY,1,1,1 + 1,65,1,İstanbul,229,Beylikdüzü,232,Cumhuriyet
667106,1983129,Sale,Daire,Konut,460000,TRY,460000,TRY,3,1,3 + 1,200,3960,Antalya,4816,Manavgat,4833,Side
667107,2192797,Sale,Daire,Konut,395000,TRY,395000,TRY,4,1,4 + 1,180,1012,Ankara,1565,Etimesgut,1569,Eryaman
667108,1898995,Sale,Daire,Konut,165000,TRY,165000,TRY,1,1,1 + 1,65,2554,İzmir,3529,Menemen,3549,İnönü
667109,1514000,Sale,Daire,Konut,165000,TRY,165000,TRY,2,1,2 + 1,140,1,İstanbul,887,Sultangazi,897,Uğur Mumcu
667110,1563255,Sale,Daire,Konut,595000,TRY,595000,TRY,5,1,5 + 1,140,1,İstanbul,182,Beykoz,183,Kavacık
667111,2156453,Rent,Daire,Konut,2600,TRY,2600,TRY,3,1,3 + 1,150,1,İstanbul,182,Beykoz,192,Göztepe
667112,2301838,Rent,Daire,Konut,1850,TRY,1850,TRY,2,1,2 + 1,90,1,İstanbul,625,Maltepe,628,Altayçeşme
667113,1723288,Sale,Daire,Konut,260000,TRY,260000,TRY,2,1,2 + 1,75,2554,İzmir,3729,Seferihisar,3732,Bengiler
667114,1948674,Sale,Daire,Konut,2000000,TRY,2000000,TRY,7,2,7 + 2,720,43620,Yalova,43684,Yalova Merkez,72643,Kadıköy Bld. (Kadıköy)
667115,1667078,Sale,Daire,Konut,215000,TRY,215000,TRY,3,1,3 + 1,165,25014,Kayseri,25245,Kocasinan,25348,Erkilet Dere
667116,2298752,Rent,Daire,Konut,2450,TRY,2450,TRY,2,1,2 + 1,90,1012,Ankara,1322,Çankaya,74482,Prof. Dr. Ahmet Taner Kışlalı
667117,2220474,Rent,Daire,Konut,4000,TRY,4000,TRY,4,1,4 + 1,220,1,İstanbul,113,Bakırköy,129,Basınköy
667118,1284633,Sale,Daire,Konut,250000,TRY,250000,TRY,4,1,4 + 1,180,31676,Mersin,32322,Tarsus,32387,Yeni
667119,1630761,Sale,Daire,Konut,300000,TRY,300000,TRY,3,1,3 + 1,178,26630,Konya,27935,Selçuklu,27951,Kosova
667120,2280706,Rent,Daire,Konut,750,TRY,750,TRY,5,1,5 + 1,190,10423,Aydın,10861,Kuyucak,10864,Beşeylül
667121,1381099,Sale,Komple Bina,İşyeri,1000000,TRY,1000000,TRY,,,,275,40596,Tekirdağ,40626,Çorlu,40627,Muhittin
667122,1651070,Rent,Daire,Konut,2300,TRY,2300,TRY,2,1,2 + 1,98,1,İstanbul,113,Bakırköy,123,Zuhuratbaba
667123,745784,Sale,Daire,Konut,250000,TRY,250000,TRY,2,1,2 + 1,100,6253,Kocaeli,6357,Gebze,6376,Tatlıkuyu
667124,1709882,Sale,Tarla,Arsa,800000,TRY,800000,TRY,,,,14700,40596,Tekirdağ,40940,Kapaklı,40949,Yanıkağıl
667125,2239446,Sale,Daire,Konut,78000,TRY,78000,TRY,1,1,1 + 1,65,1,İstanbul,229,Beylikdüzü,235,Yakuplu
667126,705007,Rent,Daire,Konut,1200,TRY,1200,TRY,2,1,2 + 1,75,2554,İzmir,2907,Buca,2912,Hürriyet
667127,1935422,Sale,Daire,Konut,115000,TRY,115000,TRY,1,0,1 + 0,35,17436,Edirne,17607,Edirne Merkez,70915,Şükrüpaşa
667128,1783184,Sale,Villa,Konut,480000,TRY,480000,TRY,4,1,4 + 1,155,10423,Aydın,10576,Didim,10585,Hisar
667129,1857021,Sale,Tarla,Arsa,900000,TRY,900000,TRY,,,,28000,3960,Antalya,4684,Korkuteli,4747,Karataş
667130,2038626,Sale,Daire,Konut,132000,TRY,132000,TRY,2,1,2 + 1,100,34286,Ordu,35185,Altınordu,35212,Selimiye
667131,385678,Sale,Komple Bina,Konut,18000000,TRY,18000000,TRY,,,,900,1,İstanbul,537,Kadıköy,545,Bostancı
667132,1530412,Rent,Daire,Konut,2350,TRY,2350,TRY,3,1,3 + 1,130,1,İstanbul,703,Sarıyer,726,Merkez
667133,1896019,Sale,Daire,Konut,135000,TRY,135000,TRY,2,1,2 + 1,90,10423,Aydın,10831,Kuşadası,10853,Davutlar
667134,1964043,Sale,Daire,Konut,208000,TRY,208000,TRY,1,1,1 + 1,65,3960,Antalya,4022,Aksu,4058,Kemerağzı
667135,1821948,Rent,Daire,Konut,750,TRY,750,TRY,1,1,1 + 1,50,40100,Sivas,40310,Sivas Merkez,70162,Mehmetpaşa
667136,1712529,Sale,Tarla,Arsa,43000,TRY,43000,TRY,,,,4550,14264,Çanakkale,14321,Biga,51878,Yenimahalle Köyü
667137,1586038,Sale,Daire,Konut,115000,TRY,115000,TRY,2,1,2 + 1,55,8229,Afyonkarahisar,8669,Afyonkarahisar Merkez,70934,Erenler
667138,2046420,Sale,Daire,Konut,135000,TRY,135000,TRY,2,1,2 + 1,115,17102,Düzce,17250,Düzce Merkez,70817,Koçyazı
667139,2077283,Rent,Dükkan / Mağaza,İşyeri,5000,TRY,5000,TRY,,,,300,36701,Samsun,36803,Atakum,36820,Güzelyalı
667140,1612711,Sale,Daire,Konut,145000,TRY,145000,TRY,1,1,1 + 1,70,6253,Kocaeli,6704,Kartepe,6750,Uzunçiftlik
667141,618464,Sale,Villa,Konut,7475000,TRY,7475000,TRY,6,1,6 + 1,300,1,İstanbul,113,Bakırköy,130,Şenlikköy
667142,2110605,Sale,Daire,Konut,183000,TRY,183000,TRY,3,1,3 + 1,100,6826,Adana,6995,Çukurova,7011,Yüzüncüyıl
667143,2220141,Sale,Daire,Konut,550000,TRY,550000,TRY,3,1,3 + 1,200,5092,Bursa,5776,Nilüfer,5802,Demirci
667144,2141704,Sale,Daire,Konut,360000,TRY,360000,TRY,3,1,3 + 1,140,10423,Aydın,10576,Didim,10585,Hisar
667145,2288390,Daily Rent,Daire,Konut,60,TRY,60,TRY,1,0,1 + 0,45,1,İstanbul,394,Esenyurt,45926,Gökevler
667146,2288388,Sale,Daire,Konut,293000,TRY,293000,TRY,3,1,3 + 1,150,1,İstanbul,229,Beylikdüzü,234,Kavaklı
667147,1593067,Sale,Daire,Konut,240000,TRY,240000,TRY,3,1,3 + 1,120,19584,Eskişehir,19836,Odunpazarı,19844,Arifiye
667148,1150404,Sale,Daire,Konut,230000,TRY,230000,TRY,3,1,3 + 1,149,1012,Ankara,1448,Çubuk,1477,Yavuzselim
667149,1521005,Rent,Daire,Konut,1200,TRY,1200,TRY,3,1,3 + 1,150,9806,Amasya,9972,Merzifon,9987,Bahçelievler
667150,1944350,Sale,Konut İmarlı,Arsa,2924750,TRY,2924750,TRY,,,,11695,6253,Kocaeli,6455,İzmit,6501,Arızlı
667151,2210417,Sale,Daire,Konut,128000,TRY,128000,TRY,3,1,3 + 1,135,1012,Ankara,1448,Çubuk,1477,Yavuzselim
667152,1704243,Sale,Villa,Konut,325000,TRY,325000,TRY,2,1,2 + 1,100,31676,Mersin,32204,Silifke,32244,Atayurt
667153,1753473,Sale,Bahçe,Arsa,1260000,TRY,1260000,TRY,,,,10000,31676,Mersin,32204,Silifke,32243,Kabasakallı
667154,680346,Sale,Daire,Konut,265000,TRY,265000,TRY,3,1,3 + 1,145,1,İstanbul,394,Esenyurt,63929,Akevler
667155,2240721,Sale,Daire,Konut,162000,TRY,162000,TRY,1,1,1 + 1,54,1,İstanbul,131,Başakşehir,140,Bahçeşehir 1. Kısım
667156,1859286,Sale,Daire,Konut,120000,TRY,120000,TRY,3,1,3 + 1,130,35966,Sakarya,36419,Karasu,36420,İncilli
667157,2255912,Rent,Daire,Konut,4950,TRY,4950,TRY,3,1,3 + 1,176,2554,İzmir,3183,Karşıyaka,3184,Mavişehir
667158,1168084,Sale,Konut İmarlı,Arsa,1850000,TRY,1850000,TRY,,,,1415,14264,Çanakkale,14265,Ayvacık,48436,Küçükkuyu Bld. (Mıhlı)
667159,1842725,Sale,Daire,Konut,295000,TRY,295000,TRY,3,1,3 + 1,130,10423,Aydın,10576,Didim,10583,Çamlık
667160,2223390,Sale,Daire,Konut,205000,TRY,205000,TRY,2,1,2 + 1,100,1,İstanbul,887,Sultangazi,893,Esentepe
667161,1804051,Sale,Daire,Konut,150000,TRY,150000,TRY,2,1,2 + 1,90,1012,Ankara,2071,Mamak,2090,Çağlayan
667162,1804256,Sale,Daire,Konut,219900,TRY,219900,TRY,3,1,3 + 1,135,5092,Bursa,5182,Gürsu,5190,Zafer
667163,1882884,Sale,Villa,Konut,390000,TRY,390000,TRY,4,1,4 + 1,160,32637,Muğla,32746,Fethiye,32760,Akarca
667164,1679740,Sale,Daire,Konut,430000,TRY,430000,TRY,3,1,3 + 1,130,5092,Bursa,5583,Mudanya,5597,Ömerbey
667165,1079840,Sale,Daire,Konut,599000,TRY,599000,TRY,3,1,3 + 1,125,1,İstanbul,144,Bayrampaşa,149,Yıldırım
667166,1431244,Rent,Komple Bina,İşyeri,40000,TRY,40000,TRY,,,,400,1,İstanbul,448,Fatih,454,Akşemsettin
667167,1904442,Sale,Daire,Konut,185000,TRY,185000,TRY,2,2,2 + 2,140,31676,Mersin,32204,Silifke,32241,Göksu
667168,2021030,Rent,Daire,Konut,750,TRY,750,TRY,1,1,1 + 1,75,1,İstanbul,625,Maltepe,634,Fındıklı
667169,1265322,Rent,Daire,Konut,1000,TRY,1000,TRY,2,1,2 + 1,100,1,İstanbul,926,Ümraniye,935,Çakmak
667170,1186960,Rent,Daire,Konut,850,TRY,850,TRY,1,1,1 + 1,50,15241,Denizli,15759,Pamukkale,15828,15 Mayıs
667171,1343796,Sale,Daire,Konut,670000,TRY,670000,TRY,4,1,4 + 1,235,2554,İzmir,3183,Karşıyaka,3193,Nergiz
667172,1631293,Rent,Daire,Konut,200,TRY,200,TRY,3,1,3 + 1,135,10423,Aydın,10831,Kuşadası,10855,Güzelçamlı
667173,1789902,Rent,Daire,Konut,725,TRY,725,TRY,3,1,3 + 1,115,1012,Ankara,1565,Etimesgut,1571,Piyade
667174,2234672,Rent,Daire,Konut,1200,TRY,1200,TRY,1,1,1 + 1,57,1,İstanbul,355,Çekmeköy,370,Soğukpınar
667175,1685665,Sale,Daire,Konut,155000,TRY,155000,TRY,2,1,2 + 1,95,13752,Bolu,13823,Bolu Merkez,70857,Sağlık
667176,2163980,Rent,Daire,Konut,3250,TRY,3250,TRY,2,1,2 + 1,10581,1,İstanbul,537,Kadıköy,557,19 Mayıs
667177,1741565,Rent,Daire,Konut,1500,TRY,1500,TRY,1,1,1 + 1,60,8229,Afyonkarahisar,8669,Afyonkarahisar Merkez,69694,Dumlupınar
667178,2065402,Sale,Daire,Konut,265000,TRY,265000,TRY,3,1,3 + 1,180,25014,Kayseri,25366,Melikgazi,71449,İldem Cumhuriyet
667179,1062405,Sale,Dükkan / Mağaza,İşyeri,2200000,TRY,2200000,TRY,,,,700,25014,Kayseri,25245,Kocasinan,51476,Yakut
667180,1836198,Sale,Daire,Konut,1060000,TRY,1060000,TRY,3,1,3 + 1,126,1,İstanbul,580,Kartal,594,Kordonboyu
667181,1901075,Sale,Daire,Konut,350000,TRY,350000,TRY,4,1,4 + 1,220,36701,Samsun,36803,Atakum,36823,Körfez
667182,979515,Sale,Daire,Konut,320000,TRY,320000,TRY,4,1,4 + 1,180,14827,Çorum,15038,Çorum Merkez,70958,Buharaevler
667183,2191975,Rent,Daire,Konut,650,TRY,650,TRY,3,1,3 + 1,110,32637,Muğla,33167,Yatağan,33171,Yeni
667184,2256410,Rent,Daire,Konut,1500,TRY,1500,TRY,3,1,3 + 1,135,11210,Balıkesir,11211,Ayvalık,11212,150 Evler
667185,1563860,Rent,Daire,Konut,1400,TRY,1400,TRY,3,1,3 + 1,147,1,İstanbul,394,Esenyurt,54738,Piri Reis
667186,2209674,Rent,Daire,Konut,2350,TRY,2350,TRY,3,1,3 + 1,145,1,İstanbul,537,Kadıköy,541,Suadiye
667187,2187805,Sale,Bağ,Arsa,450000,TRY,450000,TRY,,,,5200,10423,Aydın,10831,Kuşadası,10852,Çınarköy
667188,1490338,Sale,Okul (Eğitim Tesisi),Arsa,34000,TRY,34000,TRY,,,,108,1012,Ankara,1322,Çankaya,1323,Alacaatlı
667189,2133784,Sale,Daire,Konut,220000,TRY,220000,TRY,3,1,3 + 1,165,41649,Trabzon,42456,Ortahisar,42481,Kaymaklı
667190,1596773,Sale,Daire,Konut,173000,TRY,173000,TRY,3,1,3 + 1,120,10423,Aydın,11001,Söke,11009,Yenikent
667191,1762673,Sale,Daire,Konut,375000,TRY,375000,TRY,2,1,2 + 1,75,32637,Muğla,32733,Datça,32735,İskele
667192,2182054,Sale,Daire,Konut,189000,TRY,189000,TRY,2,1,2 + 1,90,6826,Adana,7452,Seyhan,7463,2000 Evler
667193,1689486,Sale,Müstakil Ev,Konut,128000,TRY,128000,TRY,3,1,3 + 1,360,26630,Konya,27766,Meram,27809,Hatunsaray
667194,1768982,Rent,Daire,Konut,1350,TRY,1350,TRY,3,1,3 + 1,160,26630,Konya,27935,Selçuklu,27977,Buhara
667195,1980030,Rent,Daire,Konut,1850,TRY,1850,TRY,3,1,3 + 1,100,1,İstanbul,448,Fatih,452,Şehremini
667196,1716664,Sale,Daire,Konut,160000,TRY,160000,TRY,3,1,3 + 1,130,11210,Balıkesir,11304,Bandırma,11306,Günaydın
667197,397379,Sale,Villa,Konut,60000000,TRY,60000000,TRY,5,2,5 + 2,500,1,İstanbul,156,Beşiktaş,173,Ulus
667198,1771910,Sale,Daire,Konut,345000,TRY,345000,TRY,5,1,5 + 1,250,3960,Antalya,4947,Muratpaşa,4970,Etiler
667199,1692055,Sale,Konut İmarlı,Arsa,7500000,TRY,7500000,TRY,,,,160,1,İstanbul,241,Beyoğlu,244,Cihangir
667200,1157154,Rent,Daire,Konut,1250,TRY,1250,TRY,1,1,1 + 1,70,1,İstanbul,580,Kartal,584,Çavuşoğlu
667201,1725777,Sale,Daire,Konut,95000,TRY,95000,TRY,1,1,1 + 1,90,5092,Bursa,6182,Yıldırım,6198,Hacıseyfettin
667202,1943096,Rent,Daire,Konut,550,TRY,550,TRY,2,1,2 + 1,85,5092,Bursa,5138,Gemlik,5154,Orhaniye
667203,2296102,Sale,Daire,Konut,389000,TRY,389000,TRY,2,1,2 + 1,100,1,İstanbul,963,Üsküdar,969,Bulgurlu
667204,1540170,Sale,Daire,Konut,175000,TRY,175000,TRY,3,1,3 + 1,115,19584,Eskişehir,19836,Odunpazarı,19864,Emek
667205,1569947,Sale,Daire,Konut,289000,TRY,289000,TRY,3,1,3 + 1,130,1012,Ankara,1912,Keçiören,1914,Atapark
667206,1580096,Sale,Daire,Konut,183000,TRY,183000,TRY,3,1,3 + 1,150,6253,Kocaeli,6294,Çayırova,6300,İnönü
667207,2131463,Sale,Villa,Konut,300000,TRY,300000,TRY,3,1,3 + 1,140,35966,Sakarya,36519,Kocaali,36525,Yalı
667208,1900652,Rent,Daire,Konut,1250,TRY,1250,TRY,2,1,2 + 1,100,14264,Çanakkale,14532,Çanakkale Merkez,71402,Kepez Bld. (Hamidiye)
667209,1541017,Sale,Daire,Konut,319000,TRY,319000,TRY,3,1,3 + 1,175,1,İstanbul,229,Beylikdüzü,233,Gürpınar
667210,2263876,Sale,Daire,Konut,299999,TRY,299999,TRY,4,1,4 + 1,165,8229,Afyonkarahisar,8669,Afyonkarahisar Merkez,71396,Erkmen Bld. (Cumhuriyet)
667211,1779711,Rent,Daire,Konut,2500,TRY,2500,TRY,2,1,2 + 1,90,65868,K.K.T.C,65877,Lefkoşa,65990,Yenikent Mh.
667212,1756737,Sale,Villa,Konut,630000,TRY,630000,TRY,6,1,6 + 1,180,20173,Gaziantep,20817,Şehitkamil,20962,Güvenevler
667213,2187400,Sale,Daire,Konut,265000,TRY,265000,TRY,3,1,3 + 1,120,1,İstanbul,644,Pendik,645,Kurtköy
667214,1788962,Sale,Müstakil Ev,Konut,285000,TRY,285000,TRY,3,1,3 + 1,242,14264,Çanakkale,14441,Ezine,14443,Seferşah
667215,1736220,Sale,Daire,Konut,139000,TRY,139000,TRY,2,1,2 + 1,114,17102,Düzce,17250,Düzce Merkez,72179,Azmimilli
667216,1953307,Sale,Daire,Konut,185000,TRY,185000,TRY,3,1,3 + 1,130,1,İstanbul,229,Beylikdüzü,232,Cumhuriyet
667217,1967857,Sale,Daire,Konut,275000,TRY,275000,TRY,1,1,1 + 1,70,1012,Ankara,1322,Çankaya,1437,Birlik
667218,2226408,Sale,Daire,Konut,165000,TRY,165000,TRY,2,1,2 + 1,110,10423,Aydın,10831,Kuşadası,10833,İkiçeşmelik
667219,1013467,Sale,Daire,Konut,450000,TRY,450000,TRY,4,1,4 + 1,210,36701,Samsun,36803,Atakum,36826,Yenimahalle
667220,1321698,Rent,Daire,Konut,8500,TRY,8500,TRY,4,1,4 + 1,220,1,İstanbul,703,Sarıyer,720,Ferahevler
667221,1113204,Sale,Daire,Konut,450000,TRY,450000,TRY,5,2,5 + 2,220,13752,Bolu,13823,Bolu Merkez,70796,Alpağut
667222,2224979,Rent,Daire,Konut,1100,TRY,1100,TRY,2,1,2 + 1,110,35966,Sakarya,36626,Serdivan,36634,Beşköprü
667223,1780456,Sale,Müstakil Ev,Konut,350000,TRY,350000,TRY,2,1,2 + 1,1500,10423,Aydın,11001,Söke,11034,Burunköy
667224,2115043,Sale,Daire,Konut,157000,TRY,157000,TRY,2,1,2 + 1,100,1,İstanbul,601,Küçükçekmece,610,Kanarya
667225,761131,Sale,Tarla,Arsa,835000,TRY,835000,TRY,,,,2000,8229,Afyonkarahisar,8669,Afyonkarahisar Merkez,71383,Erkmen Bld. (Hürriyet)
667226,2164918,Sale,Dükkan / Mağaza,İşyeri,285000,TRY,285000,TRY,,,,70,5092,Bursa,5232,İnegöl,5292,Sinanbey
667227,1232781,Sale,Müstakil Ev,Konut,1850000,TRY,1850000,TRY,5,2,5 + 2,450,1012,Ankara,1322,Çankaya,1323,Alacaatlı
667228,2219469,Sale,Daire,Konut,465000,TRY,465000,TRY,4,1,4 + 1,175,1012,Ankara,1322,Çankaya,1371,Sokullu Mehmet Paşa
667229,1639007,Rent,Daire,Konut,1200,TRY,1200,TRY,2,1,2 + 1,80,1,İstanbul,377,Esenler,388,Namık Kemal
667230,1588735,Rent,Daire,Konut,2100,TRY,2100,TRY,2,1,2 + 1,100,1,İstanbul,843,Şişli,846,Mecidiyeköy
667231,1771670,Sale,Daire,Konut,590000,TRY,590000,TRY,4,1,4 + 1,193,6253,Kocaeli,6455,İzmit,6494,Kabaoğlu
667232,578007,Sale,Daire,Konut,285000,TRY,285000,TRY,3,1,3 + 1,129,6253,Kocaeli,6254,Başiskele,6283,Yeşilyurt
667233,1678806,Sale,Daire,Konut,330000,TRY,330000,TRY,2,1,2 + 1,110,1,İstanbul,229,Beylikdüzü,233,Gürpınar
667234,1052570,Rent,Daire,Konut,43200,TRY,43200,TRY,4,1,4 + 1,280,1,İstanbul,703,Sarıyer,706,İstinye
667235,2260030,Rent,Daire,Konut,3100,TRY,3100,TRY,2,1,2 + 1,100,1,İstanbul,537,Kadıköy,550,Caferağa
667236,1250039,Rent,Daire,Konut,900,TRY,900,TRY,,,,65,36701,Samsun,36803,Atakum,36826,Yenimahalle
667237,1883242,Sale,Daire,Konut,169000,TRY,169000,TRY,2,1,2 + 1,100,1,İstanbul,229,Beylikdüzü,232,Cumhuriyet
667238,2029993,Rent,Daire,Konut,750,TRY,750,TRY,1,1,1 + 1,55,1,İstanbul,67,Avcılar,76,Tahtakale
667239,2234685,Sale,Daire,Konut,195000,TRY,195000,TRY,2,1,2 + 1,105,1,İstanbul,394,Esenyurt,407,Mehterçeşme
667240,1432701,Sale,Bağ,Arsa,2300000,TRY,2300000,TRY,,,,12632,25014,Kayseri,25366,Melikgazi,25399,Altınoluk
667241,1736089,Sale,Konut İmarlı,Arsa,2275000,TRY,2275000,TRY,,,,6403,23133,Kahramanmaraş,23817,Onikişubat,73151,Kavlaklı
667242,1359861,Sale,Daire,Konut,315000,TRY,315000,TRY,2,1,2 + 1,84,1,İstanbul,377,Esenler,384,Havaalanı
667243,463222,Sale,Bahçe,Arsa,480000,TRY,480000,TRY,,,,4000,5092,Bursa,5927,Orhangazi,5944,Çakırlı
667244,1716986,Sale,Daire,Konut,99000,TRY,99000,TRY,2,1,2 + 1,85,1,İstanbul,394,Esenyurt,47549,Selahaddin Eyyubi
667245,1593208,Sale,Daire,Konut,285000,TRY,285000,TRY,4,1,4 + 1,200,26630,Konya,27935,Selçuklu,27997,Şeyh Şamil
667246,1685331,Sale,Daire,Konut,240000,TRY,240000,TRY,3,1,3 + 1,180,44190,Zonguldak,44415,Ereğli,44417,Kepez
667247,1997573,Sale,Tarla,Arsa,280000,TRY,280000,TRY,,,,13600,36701,Samsun,37117,Çarşamba,37217,Karabahçe
667248,1537034,Rent,Daire,Konut,2500,TRY,2500,TRY,2,1,2 + 1,95,1,İstanbul,156,Beşiktaş,175,Cihannüma
667249,1324269,Sale,Tarla,Arsa,345000,TRY,345000,TRY,,,,3000,1,İstanbul,314,Çatalca,69740,Çiftlikköy
667250,2173124,Rent,Daire,Konut,1500,TRY,1500,TRY,3,1,3 + 1,115,1,İstanbul,560,Kağıthane,564,Gürsel
667251,1705910,Sale,Daire,Konut,105000,TRY,105000,TRY,2,1,2 + 1,90,1,İstanbul,394,Esenyurt,47549,Selahaddin Eyyubi
667252,2240966,Sale,Dükkan / Mağaza,İşyeri,6100000,TRY,6100000,TRY,,,,170,1,İstanbul,448,Fatih,479,Molla Gürani
667253,1622619,Sale,Villa,Konut,2500000,TRY,2500000,TRY,4,1,4 + 1,160,32637,Muğla,32638,Bodrum,32699,Turgutreis
667254,1269214,Sale,Daire,Konut,279000,TRY,279000,TRY,1,1,1 + 1,57,32637,Muğla,32746,Fethiye,32762,Kesikkapı
667255,1122748,Sale,Çok Amaçlı,Arsa,125000,TRY,125000,TRY,,,,480,1,İstanbul,644,Pendik,680,Kurna
667256,454782,Sale,Daire,Konut,160000,TRY,160000,TRY,3,1,3 + 1,130,1012,Ankara,2419,Sincan,2467,Mustafa Kemal
667257,1722296,Sale,Komple Bina,Konut,3750000,TRY,3750000,TRY,,,,825,39689,Sinop,39791,Sinop Merkez,70819,Gelincik
667258,1930705,Sale,Müstakil Ev,Konut,385000,TRY,385000,TRY,3,1,3 + 1,100,35966,Sakarya,36052,Akyazı,36112,Kuzuluk
667259,775443,Sale,Daire,Konut,165000,TRY,165000,TRY,3,1,3 + 1,117,1012,Ankara,1912,Keçiören,1925,Ufuktepe
667260,1102068,Sale,Daire,Konut,225000,TRY,225000,TRY,2,1,2 + 1,90,2554,İzmir,3102,Karabağlar,3103,Bahçelievler
667261,1917193,Rent,Daire,Konut,650,TRY,650,TRY,2,1,2 + 1,100,5092,Bursa,5138,Gemlik,5144,Dr. Ziya Kaya
667262,1835722,Sale,Daire,Konut,160000,TRY,160000,TRY,2,1,2 + 1,80,6253,Kocaeli,6305,Darıca,6315,Piri Reis
667263,1888329,Sale,Daire,Konut,255000,TRY,255000,TRY,2,1,2 + 1,106,14264,Çanakkale,14532,Çanakkale Merkez,70463,Esenler
667264,2152672,Rent,Daire,Konut,13000,TRY,13000,TRY,3,1,3 + 1,165,6826,Adana,6995,Çukurova,7001,Huzurevleri
667265,740451,Rent,Dükkan / Mağaza,İşyeri,2650,TRY,2650,TRY,,,,100,1,İstanbul,101,Bahçelievler,103,Şirinevler
667266,1778723,Rent,Daire,Konut,850,TRY,850,TRY,3,1,3 + 1,140,1012,Ankara,2071,Mamak,2119,Türközü
667267,2276674,Sale,Daire,Konut,295000,TRY,295000,TRY,2,1,2 + 1,95,1,İstanbul,229,Beylikdüzü,234,Kavaklı
667268,1720464,Rent,Daire,Konut,1400,TRY,1400,TRY,2,1,2 + 1,100,1,İstanbul,101,Bahçelievler,108,Siyavuşpaşa
667269,1049425,Sale,Müstakil Ev,Konut,300000,TRY,300000,TRY,2,2,2 + 2,100,5092,Bursa,5969,Osmangazi,6098,Bahar
667270,695217,Sale,Daire,Konut,140000,TRY,140000,TRY,2,1,2 + 1,50,15241,Denizli,15759,Pamukkale,15780,Bağbaşı
667271,575983,Sale,Daire,Konut,300000,TRY,300000,TRY,3,1,3 + 1,140,10423,Aydın,10831,Kuşadası,10850,Ege
667272,802327,Sale,Konut İmarlı,Arsa,130000,TRY,130000,TRY,,,,404,5092,Bursa,5361,İznik,5378,Derbent
667273,1549278,Sale,Tarla,Arsa,95000,TRY,95000,TRY,,,,1720,6253,Kocaeli,6455,İzmit,6486,Ambarcı
667274,1476032,Sale,Dükkan / Mağaza,İşyeri,750000,TRY,750000,TRY,,,,120,15241,Denizli,15759,Pamukkale,15791,Mehmetçik
667275,1982685,Sale,Daire,Konut,390000,TRY,390000,TRY,3,1,3 + 1,155,3960,Antalya,4065,Alanya,4087,Mahmutlar
667276,1236026,Sale,Daire,Konut,345000,TRY,345000,TRY,3,1,3 + 1,168,41649,Trabzon,41650,Akçaabat,57497,Söğütlü
667277,1306457,Sale,Villa,Konut,475000,TRY,475000,TRY,3,1,3 + 1,160,6253,Kocaeli,6403,Gölcük,6412,Hisareyn Merkez
667278,2151255,Rent,Daire,Konut,1700,TRY,1700,TRY,2,1,2 + 1,100,1,İstanbul,625,Maltepe,628,Altayçeşme
667279,871613,Sale,Daire,Konut,299000,TRY,299000,TRY,2,1,2 + 1,95,6253,Kocaeli,6357,Gebze,6363,Cumhuriyet
667280,1960416,Rent,Ev Ofis,İşyeri,1300,TRY,1300,TRY,,,,75,3960,Antalya,4947,Muratpaşa,4953,Meydankavağı
667281,1029965,Sale,Daire,Konut,535000,TRY,535000,TRY,3,1,3 + 1,138,2554,İzmir,3071,Gaziemir,3082,Irmak
667282,2226428,Sale,Daire,Konut,199000,TRY,199000,TRY,4,1,4 + 1,210,1012,Ankara,1912,Keçiören,1958,Yükseltepe
667283,1590208,Sale,Daire,Konut,145000,TRY,145000,TRY,2,1,2 + 1,90,26208,Kırklareli,26273,Lüleburgaz,54835,Yeni
667284,1844398,Sale,Daire,Konut,270000,TRY,270000,TRY,3,1,3 + 1,140,32637,Muğla,32706,Dalaman,32711,Altıntas
667285,981729,Sale,Daire,Konut,168000,TRY,168000,TRY,1,1,1 + 1,75,6826,Adana,6995,Çukurova,7002,Karslılar
667286,2113038,Sale,Daire,Konut,135000,TRY,135000,TRY,1,1,1 + 1,60,10423,Aydın,10576,Didim,10585,Hisar
667287,1932914,Sale,Daire,Konut,280000,TRY,280000,TRY,3,1,3 + 1,120,10423,Aydın,10831,Kuşadası,10850,Ege
667288,1954378,Rent,Daire,Konut,1050,TRY,1050,TRY,2,1,2 + 1,85,1,İstanbul,66134,Eyüpsultan,66152,Alibeyköy
667289,2055458,Sale,Daire,Konut,119500,TRY,119500,TRY,1,1,1 + 1,75,1,İstanbul,682,Sancaktepe,697,Osmangazi
667290,744775,Sale,Daire,Konut,172000,TRY,172000,TRY,3,1,3 + 1,125,1012,Ankara,1565,Etimesgut,1570,İstasyon
667291,1956446,Rent,Daire,Konut,1450,TRY,1450,TRY,1,1,1 + 1,100,1,İstanbul,229,Beylikdüzü,232,Cumhuriyet
667292,1806327,Rent,Daire,Konut,850,TRY,850,TRY,3,1,3 + 1,130,43717,Yozgat,43929,Yozgat Merkez,70182,Medrese
667293,1410586,Sale,Daire,Konut,210000,TRY,210000,TRY,3,1,3 + 1,125,26208,Kırklareli,26273,Lüleburgaz,26294,Yılmaz
667294,2277758,Rent,Daire,Konut,800,TRY,800,TRY,2,1,2 + 1,125,6253,Kocaeli,6788,Körfez,6804,Yeniyalı
667295,229868,Sale,Daire,Konut,50000,TRY,50000,TRY,2,1,2 + 1,100,1,İstanbul,229,Beylikdüzü,73159,Beylikdüzü OSB
667296,1176478,Sale,Dükkan / Mağaza,İşyeri,430000,TRY,430000,TRY,,,,65,1,İstanbul,101,Bahçelievler,103,Şirinevler
667297,1391058,Sale,Bahçe,Arsa,87000,TRY,87000,TRY,,,,114,1,İstanbul,182,Beykoz,210,Anadolufeneri
667298,1003369,Sale,Daire,Konut,220000,TRY,220000,TRY,2,1,2 + 1,90,1,İstanbul,507,Gaziosmanpaşa,517,Yıldıztabya
667299,2172838,Sale,Daire,Konut,1350000,TRY,1350000,TRY,3,1,3 + 1,194,1,İstanbul,963,Üsküdar,981,Bahçelievler
667300,2010316,Sale,Daire,Konut,252000,TRY,252000,TRY,3,1,3 + 1,160,25014,Kayseri,25366,Melikgazi,25413,Alpaslan
667301,1373752,Sale,Rezidans,Konut,210000,TRY,210000,TRY,3,1,3 + 1,120,10423,Aydın,10831,Kuşadası,10846,Camiatik
667302,2119481,Sale,Villa,Konut,1500000,TRY,1500000,TRY,4,2,4 + 2,170,11210,Balıkesir,11211,Ayvalık,11218,Sakarya
667303,2159738,Sale,Villa,Konut,1640000,TRY,1640000,TRY,5,1,5 + 1,350,5092,Bursa,5776,Nilüfer,5778,19 Mayıs
667304,1992658,Rent,Daire,Konut,1200,TRY,1200,TRY,2,1,2 + 1,100,1,İstanbul,101,Bahçelievler,109,Soğanlı
667305,1618690,Sale,Daire,Konut,135000,TRY,135000,TRY,2,1,2 + 1,91,19584,Eskişehir,20081,Tepebaşı,20153,Çamlıca
667306,1070215,Sale,Daire,Konut,123000,TRY,123000,TRY,3,1,3 + 1,110,1012,Ankara,2419,Sincan,2424,Malazgirt
667307,1287079,Sale,Daire,Konut,145000,TRY,145000,TRY,2,1,2 + 1,90,1,İstanbul,887,Sultangazi,895,İsmetpaşa
667308,1771966,Rent,Villa,Konut,5300,TRY,5300,TRY,4,1,4 + 1,310,1,İstanbul,703,Sarıyer,708,Zekeriyaköy
667309,1714915,Rent,Daire,Konut,1000,TRY,1000,TRY,3,1,3 + 1,170,38033,Şanlıurfa,39364,Karaköprü,39429,Çankaya
667310,1458901,Sale,Daire,Konut,209000,TRY,209000,TRY,3,1,3 + 1,170,25014,Kayseri,25366,Melikgazi,71449,İldem Cumhuriyet
667311,1678193,Sale,Bahçe,Arsa,1500000,TRY,1500000,TRY,,,,4500,2554,İzmir,3480,Menderes,3483,Altıntepe
667312,2075274,Rent,Daire,Konut,7000,TRY,7000,TRY,2,1,2 + 1,110,6826,Adana,7381,Sarıçam,7389,Çarkıpare
667313,2226575,Sale,Daire,Konut,265000,TRY,265000,TRY,3,1,3 + 1,120,1,İstanbul,507,Gaziosmanpaşa,508,Bağlarbaşı
667314,1745410,Sale,Konut + Ticaret,Arsa,198000,TRY,198000,TRY,,,,332,3960,Antalya,4226,Döşemealtı,4250,Yeniköy
667315,2240372,Sale,Daire,Konut,387000,TRY,387000,TRY,3,1,3 + 1,110,1,İstanbul,560,Kağıthane,565,Hamidiye
667316,1572235,Sale,Daire,Konut,635000,TRY,635000,TRY,4,1,4 + 1,230,25014,Kayseri,25366,Melikgazi,25455,Yıldırım Beyazıt
667317,1304493,Rent,Daire,Konut,1650,TRY,1650,TRY,1,1,1 + 1,64,1,İstanbul,703,Sarıyer,713,Ayazağa
667318,1823914,Rent,Daire,Konut,1250,TRY,1250,TRY,3,1,3 + 1,135,1,İstanbul,229,Beylikdüzü,234,Kavaklı
667319,1519509,Sale,Daire,Konut,375000,TRY,375000,TRY,2,1,2 + 1,90,14264,Çanakkale,14265,Ayvacık,48436,Küçükkuyu Bld. (Mıhlı)
667320,1096729,Sale,Daire,Konut,360000,TRY,360000,TRY,3,1,3 + 1,130,1,İstanbul,144,Bayrampaşa,146,Kartaltepe
667321,1790554,Sale,Daire,Konut,210000,TRY,210000,TRY,3,1,3 + 1,120,15241,Denizli,15957,Merkezefendi,15995,Sümer
667322,2040848,Sale,Müstakil Ev,Konut,90000,TRY,90000,TRY,2,1,2 + 1,560,17436,Edirne,17437,Enez,75922,Çavuşköy Köyü
667323,2286352,Sale,Daire,Konut,345000,TRY,345000,TRY,2,1,2 + 1,100,1,İstanbul,887,Sultangazi,900,Eski Habipler
667324,1901594,Rent,Daire,Konut,1500,TRY,1500,TRY,3,1,3 + 1,175,31676,Mersin,32049,Mezitli,32058,Seymenli
667325,1951477,Rent,Daire,Konut,850,TRY,850,TRY,2,1,2 + 1,80,1,İstanbul,601,Küçükçekmece,616,Fevzi Çakmak
667326,1754201,Sale,Müstakil Ev,Konut,495000,TRY,495000,TRY,6,2,6 + 2,600,35966,Sakarya,36419,Karasu,36448,Karasu
667327,1038694,Rent,Daire,Konut,6100,TRY,6100,TRY,3,1,3 + 1,170,1,İstanbul,156,Beşiktaş,179,Nisbetiye
667328,959819,Sale,Daire,Konut,1090000,TRY,1090000,TRY,3,1,3 + 1,110,1,İstanbul,156,Beşiktaş,174,Vişnezade
667329,1885415,Sale,Konut İmarlı,Arsa,400000,TRY,400000,TRY,,,,400,32637,Muğla,32886,Köyceğiz,32889,Ulucami
667330,2257913,Sale,Daire,Konut,260000,TRY,260000,TRY,2,1,2 + 1,105,26208,Kırklareli,26273,Lüleburgaz,26289,Kurtuluş
667331,2111218,Sale,Daire,Konut,310000,TRY,310000,TRY,3,1,3 + 1,128,1,İstanbul,229,Beylikdüzü,232,Cumhuriyet
667332,819124,Sale,Köşk / Konak / Yalı,Konut,81000000,TRY,81000000,TRY,5,2,5 + 2,900,1,İstanbul,703,Sarıyer,707,Yeniköy
667333,1937679,Sale,Daire,Konut,425000,TRY,425000,TRY,3,1,3 + 1,130,1,İstanbul,537,Kadıköy,545,Bostancı
667334,1375559,Sale,Zeytinlik,Arsa,225000,TRY,225000,TRY,,,,4200,2554,İzmir,3609,Ödemiş,3667,Gölcük
667335,1851916,Rent,Daire,Konut,1500,TRY,1500,TRY,3,1,3 + 1,170,10423,Aydın,10831,Kuşadası,10833,İkiçeşmelik
667336,1893574,Sale,Daire,Konut,450000,TRY,450000,TRY,4,1,4 + 1,180,1012,Ankara,1565,Etimesgut,1592,Ahi Mesut
667337,2061548,Rent,Rezidans,Konut,1400,TRY,1400,TRY,1,0,1 + 0,67,1,İstanbul,580,Kartal,594,Kordonboyu
667338,1322184,Sale,Tarla,Arsa,48000,TRY,48000,TRY,,,,4120,3960,Antalya,4684,Korkuteli,4732,Ulucak
667339,1793049,Sale,Butik Otel,Turizm,16000000,TRY,16000000,TRY,,,,1700,3960,Antalya,4947,Muratpaşa,4950,Güzeloba
667340,1043282,Sale,Daire,Konut,215000,TRY,215000,TRY,2,1,2 + 1,95,1,İstanbul,66134,Eyüpsultan,66143,Karadolap
667341,1733700,Sale,Daire,Konut,105000,TRY,105000,TRY,1,1,1 + 1,55,20173,Gaziantep,20627,Şahinbey,20816,Yeditepe
667342,2088767,Sale,Daire,Konut,324000,TRY,324000,TRY,2,1,2 + 1,115,1,İstanbul,101,Bahçelievler,108,Siyavuşpaşa
667343,2109094,Sale,Daire,Konut,299000,TRY,299000,TRY,4,1,4 + 1,185,1012,Ankara,2326,Pursaklar,2341,Saray Cumhuriyet
667344,2226245,Rent,Daire,Konut,1750,TRY,1750,TRY,3,1,3 + 1,145,32637,Muğla,33102,Ortaca,33108,Cumhuriyet
667345,1723044,Sale,Daire,Konut,200000,TRY,200000,TRY,3,1,3 + 1,120,1,İstanbul,682,Sancaktepe,686,Yenidoğan
667346,2013843,Sale,Tarla,Arsa,60000,TRY,60000,TRY,,,,508,1,İstanbul,314,Çatalca,316,Atatürk
667347,2132475,Sale,Bahçe,Arsa,59000,TRY,59000,TRY,,,,500,11210,Balıkesir,11609,Edremit,11653,Kızılkeçili
667348,1610650,Sale,AVM,İşyeri,1775000,TRY,1775000,TRY,,,,250,1,İstanbul,903,Tuzla,73128,Aydınlı-İstanbul Ay OSB
667349,2097637,Sale,Daire,Konut,180000,TRY,180000,TRY,3,1,3 + 1,135,2554,İzmir,3212,Kemalpaşa,3224,Mehmet Akif Ersoy
667350,2109187,Sale,Villa,Konut,350000,TRY,350000,TRY,3,1,3 + 1,130,10423,Aydın,10576,Didim,10585,Hisar
667351,1864652,Rent,Depo / Antrepo,İşyeri,35000,TRY,35000,TRY,,,,3500,1,İstanbul,8,Arnavutköy,27,Ömerli
667352,2005442,Sale,Daire,Konut,270000,TRY,270000,TRY,3,1,3 + 1,175,6826,Adana,6995,Çukurova,6996,Belediye Evleri
667353,285937,Sale,Daire,Konut,545000,TRY,545000,TRY,3,1,3 + 1,135,1,İstanbul,926,Ümraniye,958,Mehmet Akif
667354,2110108,Rent,Atölye,İşyeri,800,TRY,800,TRY,,,,150,1,İstanbul,101,Bahçelievler,74397,Kocasinan Merkez
667355,1807395,Sale,Daire,Konut,310500,TRY,310500,TRY,2,1,2 + 1,85,1,İstanbul,926,Ümraniye,935,Çakmak
667356,1554609,Sale,Daire,Konut,299000,TRY,299000,TRY,3,1,3 + 1,160,6826,Adana,7452,Seyhan,7528,Gürselpaşa
667357,1931873,Sale,Daire,Konut,200000,TRY,200000,TRY,3,1,3 + 1,130,31676,Mersin,32204,Silifke,32239,Saray
667358,1569732,Sale,Daire,Konut,350000,TRY,350000,TRY,3,1,3 + 1,145,11210,Balıkesir,11609,Edremit,11640,Akçay
667359,1938171,Sale,Daire,Konut,110000,TRY,110000,TRY,3,1,3 + 1,125,26025,Kırıkkale,26116,Kırıkkale Merkez,70672,Sanayi
667360,1496757,Sale,Villa,Konut,600000,TRY,600000,TRY,5,2,5 + 2,220,1,İstanbul,806,Silivri,811,Cumhuriyet
667361,1749898,Rent,Daire,Konut,1000,TRY,1000,TRY,1,1,1 + 1,60,36701,Samsun,36803,Atakum,36823,Körfez
667362,2081624,Sale,Daire,Konut,113000,TRY,113000,TRY,2,1,2 + 1,85,40596,Tekirdağ,40626,Çorlu,40634,Kemalettin
667363,1787043,Sale,Daire,Konut,260000,TRY,260000,TRY,2,1,2 + 1,90,2554,İzmir,2907,Buca,2913,Kozağaç
667364,2168057,Sale,Daire,Konut,174000,TRY,174000,TRY,2,1,2 + 1,110,11210,Balıkesir,11609,Edremit,11621,Tuzcumurat
667365,2036914,Sale,Dükkan / Mağaza,İşyeri,1150000,TRY,1150000,TRY,,,,220,2554,İzmir,2660,Bayraklı,2661,Manavkuyu
667366,2179382,Rent,Daire,Konut,1300,TRY,1300,TRY,2,1,2 + 1,87,1,İstanbul,131,Başakşehir,135,Başak
667367,1221868,Sale,Konut İmarlı,Arsa,410000,TRY,410000,TRY,,,,300,2554,İzmir,3729,Seferihisar,3733,Camikebir
667368,1535523,Sale,Daire,Konut,245000,TRY,245000,TRY,2,1,2 + 1,90,10423,Aydın,10831,Kuşadası,10849,Değirmendere
667369,1741713,Sale,Daire,Konut,285000,TRY,285000,TRY,3,1,3 + 1,130,32637,Muğla,32746,Fethiye,32754,Patlangıç
667370,1315209,Sale,Daire,Konut,255000,TRY,255000,TRY,3,1,3 + 1,185,25014,Kayseri,25366,Melikgazi,25436,Gesi Fatih
667371,1643812,Sale,Daire,Konut,449999,TRY,449999,TRY,3,1,3 + 1,115,1,İstanbul,131,Başakşehir,135,Başak
667372,2075515,Sale,Daire,Konut,112000,TRY,112000,TRY,2,1,2 + 1,130,6826,Adana,7381,Sarıçam,7403,Osmangazi
667373,1815651,Rent,Daire,Konut,1000,TRY,1000,TRY,2,1,2 + 1,80,1,İstanbul,625,Maltepe,627,Altıntepe
667374,1709883,Sale,Daire,Konut,160000,TRY,160000,TRY,2,1,2 + 1,100,15241,Denizli,15957,Merkezefendi,15989,Karaman
667375,1660849,Sale,Çok Amaçlı,Arsa,500000,TRY,500000,TRY,,,,3500,10423,Aydın,11113,Efeler,11204,Danişment
667376,1592877,Rent,Daire,Konut,800,TRY,800,TRY,1,1,1 + 1,45,2554,İzmir,3858,Torbalı,3889,Tepeköy
667377,2255892,Rent,Daire,Konut,1800,TRY,1800,TRY,5,1,5 + 1,250,1012,Ankara,1322,Çankaya,1359,Cevizlidere
667378,1804060,Sale,Daire,Konut,195000,TRY,195000,TRY,3,1,3 + 1,160,41649,Trabzon,42456,Ortahisar,42476,Çukurçayır
667379,2125162,Sale,Daire,Konut,200000,TRY,200000,TRY,1,1,1 + 1,84,1,İstanbul,903,Tuzla,911,Aydıntepe
667380,2190484,Rent,Daire,Konut,16000,TRY,16000,TRY,2,1,2 + 1,100,32637,Muğla,32638,Bodrum,32648,Bitez
667381,1598382,Rent,Daire,Konut,1100,TRY,1100,TRY,1,1,1 + 1,45,1,İstanbul,525,Güngören,529,Tozkoparan
667382,2012877,Sale,Villa,Konut,440000,TRY,440000,TRY,3,1,3 + 1,200,10423,Aydın,10831,Kuşadası,10844,Yavansu
667383,2098149,Sale,Daire,Konut,184000,TRY,184000,TRY,3,1,3 + 1,180,9494,Aksaray,9593,Aksaray Merkez,70328,Meydan
667384,1803990,Sale,Tarla,Arsa,2250000,TRY,2250000,TRY,,,,13450,13752,Bolu,13823,Bolu Merkez,72493,Elmalık Köyü
667385,1912655,Sale,Daire,Konut,245000,TRY,245000,TRY,4,1,4 + 1,170,2554,İzmir,3729,Seferihisar,3736,Hıdırlık
667386,1978639,Rent,Daire,Konut,1400,TRY,1400,TRY,2,1,2 + 1,90,1,İstanbul,963,Üsküdar,69689,Valide-i Atik
667387,1460935,Rent,Daire,Konut,1750,TRY,1750,TRY,1,0,1 + 0,50,1,İstanbul,156,Beşiktaş,171,Muradiye
667388,2248129,Sale,Daire,Konut,300000,TRY,300000,TRY,2,1,2 + 1,85,1,İstanbul,355,Çekmeköy,364,Ekşioğlu
667389,2126778,Sale,Daire,Konut,305000,TRY,305000,TRY,2,1,2 + 1,95,1,İstanbul,580,Kartal,593,Gümüşpınar
667390,1761384,Rent,Daire,Konut,2750,TRY,2750,TRY,4,1,4 + 1,185,1012,Ankara,1322,Çankaya,2483,Çayyolu
667391,716822,Rent,Villa,Konut,4500,TRY,4500,TRY,6,2,6 + 2,350,1,İstanbul,703,Sarıyer,712,Maden
667392,2224872,Sale,Konut İmarlı,Arsa,130000,TRY,130000,TRY,,,,345,3960,Antalya,5004,Serik,5072,Kadriye
667393,1685133,Sale,Daire,Konut,165000,TRY,165000,TRY,1,1,1 + 1,72,17436,Edirne,17607,Edirne Merkez,70489,İstasyon
667394,1584641,Sale,Daire,Konut,283000,TRY,283000,TRY,2,1,2 + 1,90,1,İstanbul,66134,Eyüpsultan,66184,Güzeltepe
667395,1477221,Sale,Daire,Konut,157000,TRY,157000,TRY,2,1,2 + 1,95,3960,Antalya,4947,Muratpaşa,4967,Dutlubahçe
667396,1691400,Sale,Tarla,Arsa,150000,TRY,150000,TRY,,,,21270,31676,Mersin,32514,Toroslar,32561,Arslanköy
667397,933669,Rent,Daire,Konut,4500,TRY,4500,TRY,4,1,4 + 1,171,1,İstanbul,537,Kadıköy,545,Bostancı
667398,1794933,Sale,Daire,Konut,235000,TRY,235000,TRY,2,1,2 + 1,145,10423,Aydın,10831,Kuşadası,10833,İkiçeşmelik
667399,1950214,Sale,Daire,Konut,125000,TRY,125000,TRY,1,1,1 + 1,45,10423,Aydın,10576,Didim,10582,Cumhuriyet
667400,1873704,Sale,Daire,Konut,214000,TRY,214000,TRY,3,1,3 + 1,120,1,İstanbul,229,Beylikdüzü,232,Cumhuriyet
667401,2109754,Rent,Daire,Konut,750,TRY,750,TRY,2,1,2 + 1,75,1,İstanbul,49,Ataşehir,52,İçerenköy
667402,1995979,Rent,Depo / Antrepo,İşyeri,200,TRY,200,TRY,,,,20,20173,Gaziantep,20627,Şahinbey,20812,Karataş
667403,2165891,Sale,Daire,Konut,398000,TRY,398000,TRY,4,1,4 + 1,165,8229,Afyonkarahisar,8669,Afyonkarahisar Merkez,70921,Selçuklu
667404,1710296,Sale,Daire,Konut,252000,TRY,252000,TRY,3,1,3 + 1,155,25014,Kayseri,25366,Melikgazi,25446,Kazımkarabekir
667405,2212986,Rent,Daire,Konut,2900,TRY,2900,TRY,3,1,3 + 1,220,2554,İzmir,2589,Balçova,2592,Korutürk
667406,1378621,Sale,Daire,Konut,1750000,TRY,1750000,TRY,3,1,3 + 1,160,1,İstanbul,537,Kadıköy,541,Suadiye
667407,2073206,Rent,Daire,Konut,1000,TRY,1000,TRY,1,1,1 + 1,55,1,İstanbul,560,Kağıthane,562,Çeliktepe
667408,1329174,Sale,Daire,Konut,650000,TRY,650000,TRY,4,1,4 + 1,200,36701,Samsun,37367,İlkadım,37396,Baruthane
667409,1839985,Sale,Daire,Konut,750000,TRY,750000,TRY,5,1,5 + 1,300,43620,Yalova,43645,Çiftlikköy,43646,Sahil
667410,1673982,Sale,Daire,Konut,345000,TRY,345000,TRY,3,1,3 + 1,139,1012,Ankara,1041,Altındağ,1043,Güneşevler
667411,1582404,Rent,Daire,Konut,850,TRY,850,TRY,1,1,1 + 1,50,15241,Denizli,15759,Pamukkale,15762,Asmalıevler
667412,1983499,Sale,Daire,Konut,110000,TRY,110000,TRY,2,1,2 + 1,85,5092,Bursa,5927,Orhangazi,5929,Camiikebir
667413,2027698,Rent,Daire,Konut,850,TRY,850,TRY,1,1,1 + 1,85,1,İstanbul,67,Avcılar,68,Ambarlı
667414,2252572,Sale,Daire,Konut,250000,TRY,250000,TRY,3,2,3 + 2,145,1,İstanbul,644,Pendik,665,Fevzi Çakmak
667415,2106156,Sale,Daire,Konut,850,TRY,850,TRY,3,1,3 + 1,125,35575,Rize,35819,Rize Merkez,70524,Tophane
667416,1588220,Sale,Daire,Konut,299000,TRY,299000,TRY,2,1,2 + 1,110,1,İstanbul,507,Gaziosmanpaşa,508,Bağlarbaşı
667417,1914892,Rent,Fabrika / İmalathane,İşyeri,18000,TRY,18000,TRY,,,,1200,6253,Kocaeli,6339,Dilovası,72972,Dilovası OSB
667418,2310619,Sale,Villa,Konut,1800000,TRY,1800000,TRY,3,1,3 + 1,200,32637,Muğla,32746,Fethiye,32747,Göcek
667419,1059331,Sale,Daire,Konut,140000,TRY,140000,TRY,3,1,3 + 1,115,17102,Düzce,17250,Düzce Merkez,70161,Cedidiye
667420,2055650,Sale,Yazlık,Konut,600000,TRY,600000,TRY,3,1,3 + 1,130,32637,Muğla,32638,Bodrum,32702,Yalıkavak
667421,1685442,Rent,Daire,Konut,1050,TRY,1050,TRY,3,1,3 + 1,140,10423,Aydın,11113,Efeler,11119,Adnan Menderes
667422,2059241,Rent,Daire,Konut,1500,TRY,1500,TRY,1,1,1 + 1,57,1,İstanbul,601,Küçükçekmece,603,Atakent
667423,1666850,Rent,Daire,Konut,700,TRY,700,TRY,3,1,3 + 1,130,8229,Afyonkarahisar,8669,Afyonkarahisar Merkez,72339,Kayadibi
667424,1386680,Sale,Daire,Konut,420000,TRY,420000,TRY,4,1,4 + 1,200,41649,Trabzon,42456,Ortahisar,42495,2 Nolu Beşirli
667425,1596709,Sale,Villa,Konut,1500000,TRY,1500000,TRY,4,1,4 + 1,280,2554,İzmir,2957,Çeşme,2974,Musalla
667426,1302616,Sale,Daire,Konut,265000,TRY,265000,TRY,2,1,2 + 1,95,3960,Antalya,4641,Konyaaltı,4645,Hurma
667427,2246100,Sale,Özel Kullanım,Arsa,315000,TRY,315000,TRY,,,,440,14264,Çanakkale,14441,Ezine,56029,Geyikli Bld. (Cumhuriyet)
667428,2151673,Sale,Daire,Konut,159000,TRY,159000,TRY,2,1,2 + 1,120,6826,Adana,6995,Çukurova,7011,Yüzüncüyıl
667429,2235189,Sale,Daire,Konut,99000,TRY,99000,TRY,2,1,2 + 1,116,40596,Tekirdağ,40950,Süleymanpaşa,40960,Yavuz
667430,2133836,Sale,Daire,Konut,390000,TRY,390000,TRY,3,1,3 + 1,180,6253,Kocaeli,6305,Darıca,6309,Cami
667431,1461789,Sale,Konut İmarlı,Arsa,125000,TRY,125000,TRY,,,,186,2554,İzmir,3212,Kemalpaşa,3250,Sütçüler
667432,630459,Sale,Daire,Konut,280000,TRY,280000,TRY,2,1,2 + 1,87,1,İstanbul,101,Bahçelievler,105,Cumhuriyet
667433,2136772,Sale,Daire,Konut,320000,TRY,320000,TRY,2,1,2 + 1,110,1,İstanbul,507,Gaziosmanpaşa,523,Mevlana
667434,2159165,Sale,Bahçe,Arsa,400000,TRY,400000,TRY,,,,650,41649,Trabzon,42456,Ortahisar,42535,Akyazı
667435,564418,Sale,Rezidans,Konut,250000,TRY,250000,TRY,2,1,2 + 1,90,1,İstanbul,394,Esenyurt,403,Cumhuriyet
667436,1774722,Sale,Villa,Konut,300000,TRY,300000,TRY,3,1,3 + 1,105,14264,Çanakkale,14441,Ezine,73201,Tavaklı Köyü
667437,1526724,Sale,Villa,Konut,475000,TRY,475000,TRY,3,1,3 + 1,135,10423,Aydın,10576,Didim,10586,Mavişehir
667438,1845010,Sale,Daire,Konut,129000,TRY,129000,TRY,2,1,2 + 1,100,36701,Samsun,37367,İlkadım,37414,Yenidoğan
667439,2284327,Sale,Müstakil Ev,Konut,169000,TRY,169000,TRY,5,2,5 + 2,170,6826,Adana,7452,Seyhan,7522,Şakirpaşa
667440,2023434,Sale,Daire,Konut,160000,TRY,160000,TRY,1,1,1 + 1,60,1012,Ankara,1322,Çankaya,1344,Seyranbağları
667441,2008848,Sale,Dükkan / Mağaza,İşyeri,225000,TRY,225000,TRY,,,,90,1,İstanbul,78,Bağcılar,94,Kirazlı
667442,2155166,Sale,Daire,Konut,108000,TRY,108000,TRY,2,1,2 + 1,65,12452,Bartın,12491,Bartın Merkez,70199,Demirciler
667443,1489064,Sale,Daire,Konut,260000,TRY,260000,TRY,2,1,2 + 1,80,1,İstanbul,229,Beylikdüzü,236,Adnan Kahveci
667444,1981332,Rent,Daire,Konut,700,TRY,700,TRY,3,1,3 + 1,135,43717,Yozgat,43929,Yozgat Merkez,70142,Karatepe
667445,1957324,Sale,Daire,Konut,980000,TRY,980000,TRY,3,1,3 + 1,149,1,İstanbul,601,Küçükçekmece,602,Halkalı Merkez
667446,2189926,Sale,Daire,Konut,470000,TRY,470000,TRY,4,1,4 + 1,155,1,İstanbul,644,Pendik,650,Kaynarca
667447,1231604,Sale,Daire,Konut,335000,TRY,335000,TRY,3,1,3 + 1,136,1,İstanbul,131,Başakşehir,137,Kayabaşı
667448,1140503,Sale,Daire,Konut,808500,TRY,808500,TRY,2,1,2 + 1,132,1,İstanbul,580,Kartal,585,Esentepe
667449,2085903,Sale,Daire,Konut,164000,TRY,164000,TRY,3,1,3 + 1,135,1012,Ankara,1912,Keçiören,1918,Etlik
667450,2128192,Sale,Daire,Konut,560000,TRY,560000,TRY,3,1,3 + 1,140,1,İstanbul,67,Avcılar,70,Denizköşkler
667451,2133135,Rent,Daire,Konut,1500,TRY,1500,TRY,1,1,1 + 1,72,1,İstanbul,601,Küçükçekmece,602,Halkalı Merkez
667452,2086569,Sale,Daire,Konut,129000,TRY,129000,TRY,2,1,2 + 1,95,1,İstanbul,229,Beylikdüzü,232,Cumhuriyet
667453,1386532,Sale,Daire,Konut,350000,TRY,350000,TRY,4,1,4 + 1,200,26025,Kırıkkale,26187,Yahşihan,26189,Yeşil Vadi
667454,1656897,Rent,Rezidans,Konut,4000,TRY,4000,TRY,1,1,1 + 1,94,1,İstanbul,703,Sarıyer,704,Maslak
667455,1489210,Sale,Daire,Konut,225000,TRY,225000,TRY,3,1,3 + 1,105,6253,Kocaeli,6305,Darıca,6308,Bayramoğlu
667456,1910996,Sale,Daire,Konut,340000,TRY,340000,TRY,3,1,3 + 1,142,11210,Balıkesir,11304,Bandırma,11313,Paşakent
667457,1965576,Rent,Daire,Konut,800,TRY,800,TRY,3,1,3 + 1,145,1012,Ankara,2419,Sincan,2472,29 Ekim
667458,2273273,Rent,Daire,Konut,1450,TRY,1450,TRY,1,1,1 + 1,60,1012,Ankara,1322,Çankaya,1326,Konutkent
667459,788928,Sale,Daire,Konut,200000,TRY,200000,TRY,1,1,1 + 1,60,2554,İzmir,2907,Buca,2910,Atatürk
667460,1391807,Rent,Daire,Konut,3500,TRY,3500,TRY,2,1,2 + 1,140,1,İstanbul,113,Bakırköy,130,Şenlikköy
667461,2135604,Sale,Daire,Konut,143000,TRY,143000,TRY,1,1,1 + 1,110,26630,Konya,27615,Karatay,27617,Akifpaşa
667462,1896072,Sale,Villa,Konut,515000,TRY,515000,TRY,2,1,2 + 1,127,32637,Muğla,32638,Bodrum,32683,Göltürkbükü
667463,1726167,Sale,Daire,Konut,215000,TRY,215000,TRY,2,1,2 + 1,125,6253,Kocaeli,6455,İzmit,6533,Turgut
667464,467430,Sale,Daire,Konut,125000,TRY,125000,TRY,2,1,2 + 1,100,1,İstanbul,394,Esenyurt,74543,Bağlarçeşme
667465,2076259,Sale,Daire,Konut,280000,TRY,280000,TRY,2,1,2 + 1,130,31676,Mersin,31885,Erdemli,31899,Tömük
667466,2215918,Rent,Daire,Konut,2000,TRY,2000,TRY,1,1,1 + 1,90,1,İstanbul,241,Beyoğlu,244,Cihangir
667467,1974815,Rent,Daire,Konut,500,TRY,500,TRY,2,1,2 + 1,100,36701,Samsun,37367,İlkadım,37401,Fevzi Çakmak
667468,1395243,Sale,Daire,Konut,129000,TRY,129000,TRY,1,1,1 + 1,75,31676,Mersin,32049,Mezitli,32059,Tece
667469,1798637,Sale,Daire,Konut,100000,TRY,100000,TRY,2,1,2 + 1,85,17436,Edirne,17607,Edirne Merkez,70385,Medrese Ali Bey
667470,1708441,Sale,Daire,Konut,380000,TRY,380000,TRY,4,3,4 + 3,140,6253,Kocaeli,6305,Darıca,6309,Cami
667471,1135677,Rent,Ofis,İşyeri,40000,TRY,40000,TRY,3,1,3 + 1,98,41649,Trabzon,42456,Ortahisar,42482,Kemerkaya
667472,1594782,Rent,Daire,Konut,800,TRY,800,TRY,2,1,2 + 1,100,1,İstanbul,580,Kartal,589,Orta
667473,1895456,Sale,Daire,Konut,370000,TRY,370000,TRY,4,1,4 + 1,180,6826,Adana,6995,Çukurova,7001,Huzurevleri
667474,1524476,Sale,Villa,Konut,600000,TRY,600000,TRY,3,1,3 + 1,150,11210,Balıkesir,11609,Edremit,11650,Güre
667475,1938691,Sale,Daire,Konut,357500,TRY,357500,TRY,2,1,2 + 1,88,1,İstanbul,926,Ümraniye,946,Madenler
667476,2120652,Rent,Daire,Konut,800,TRY,800,TRY,2,1,2 + 1,95,1,İstanbul,8,Arnavutköy,10,Arnavutköy Merkez
667477,1724251,Sale,Daire,Konut,300000,TRY,300000,TRY,3,1,3 + 1,170,36701,Samsun,36803,Atakum,36826,Yenimahalle
667478,2303496,Sale,Tarla,Arsa,95000,TRY,95000,TRY,,,,1550,5092,Bursa,5583,Mudanya,5613,Esence
667479,1043251,Sale,Cafe / Restoran / Bar,İşyeri,200000,TRY,200000,TRY,,,,50,25014,Kayseri,25366,Melikgazi,25413,Alpaslan
667480,1402341,Sale,Daire,Konut,650000,TRY,650000,TRY,2,1,2 + 1,125,2554,İzmir,2860,Bornova,2878,Kazımdirik
667481,1990781,Sale,Daire,Konut,335000,TRY,335000,TRY,2,1,2 + 1,90,1,İstanbul,998,Zeytinburnu,1005,Telsiz
667482,466298,Sale,Daire,Konut,12825000,TRY,12825000,TRY,4,1,4 + 1,340,1,İstanbul,156,Beşiktaş,159,Etiler
667483,929080,Sale,Villa,Konut,900000,TRY,900000,TRY,5,1,5 + 1,400,6826,Adana,6995,Çukurova,7013,Dörtler
667484,2177890,Sale,Daire,Konut,325000,TRY,325000,TRY,1,1,1 + 1,65,1,İstanbul,625,Maltepe,630,Bağlarbaşı
667485,1714657,Sale,Daire,Konut,235000,TRY,235000,TRY,3,1,3 + 1,120,1012,Ankara,1322,Çankaya,1401,Malazgirt
667486,1918860,Sale,Daire,Konut,149000,TRY,149000,TRY,2,1,2 + 1,110,1,İstanbul,394,Esenyurt,410,Saadetdere
667487,1942879,Sale,Daire,Konut,445000,TRY,445000,TRY,4,1,4 + 1,244,31676,Mersin,32049,Mezitli,32061,Merkez
667488,1148400,Sale,Müstakil Ev,Konut,500000,TRY,500000,TRY,2,1,2 + 1,110,6253,Kocaeli,6455,İzmit,6554,Körfez
667489,1850623,Rent,Daire,Konut,1450,TRY,1450,TRY,2,1,2 + 1,100,1,İstanbul,101,Bahçelievler,109,Soğanlı
667490,1425337,Sale,Tarla,Arsa,185000,TRY,185000,TRY,,,,804,25014,Kayseri,25196,Hacılar,25203,Aşağı
667491,415269,Sale,Konut İmarlı,Arsa,1500000,TRY,1500000,TRY,,,,4500,11210,Balıkesir,11211,Ayvalık,11234,Altınova
667492,2210980,Rent,Daire,Konut,1200,TRY,1200,TRY,2,1,2 + 1,85,1,İstanbul,742,Şile,745,Çavuş
667493,2307933,Rent,Daire,Konut,800,TRY,800,TRY,2,1,2 + 1,90,1,İstanbul,887,Sultangazi,890,75. Yıl
667494,2253872,Sale,Villa,Konut,900000,TRY,900000,TRY,3,1,3 + 1,180,2554,İzmir,3597,Narlıdere,3606,Limanreis
667495,1734793,Sale,Bahçe,Arsa,13500000,TRY,13500000,TRY,,,,56500,6253,Kocaeli,6661,Karamürsel,6677,Tepeköy
667496,1564940,Sale,Bağ,Arsa,45000,TRY,45000,TRY,,,,827,25014,Kayseri,25209,İncesu,25237,Hamurcu
667497,2191178,Sale,Daire,Konut,130000,TRY,130000,TRY,1,1,1 + 1,55,14264,Çanakkale,14532,Çanakkale Merkez,70451,Cevat Paşa
667498,2060123,Sale,Müstakil Ev,Konut,1250000,TRY,1250000,TRY,4,1,4 + 1,345,10423,Aydın,10831,Kuşadası,10857,Soğucak
667499,2267845,Sale,Daire,Konut,450000,TRY,450000,TRY,4,1,4 + 1,220,31676,Mersin,32049,Mezitli,32061,Merkez
667500,2188910,Rent,Daire,Konut,1750,TRY,1750,TRY,2,1,2 + 1,95,1,İstanbul,560,Kağıthane,576,Telsizler
667501,1873089,Sale,Rezidans,Konut,240000,TRY,240000,TRY,1,1,1 + 1,70,10423,Aydın,10831,Kuşadası,10832,Türkmen
667502,1734472,Sale,Daire,Konut,254000,TRY,254000,TRY,1,1,1 + 1,85,1,İstanbul,66134,Eyüpsultan,66150,Emniyettepe
667503,1975694,Sale,Daire,Konut,240000,TRY,240000,TRY,3,1,3 + 1,130,3960,Antalya,4816,Manavgat,4934,Sarılar
667504,2234619,Rent,Daire,Konut,1700,TRY,1700,TRY,3,1,3 + 1,130,1,İstanbul,560,Kağıthane,561,Çağlayan
667505,1550481,Sale,Daire,Konut,399000,TRY,399000,TRY,3,2,3 + 2,162,21009,Giresun,21376,Piraziz,21381,Maden
667506,1532278,Sale,Daire,Konut,166000,TRY,166000,TRY,3,1,3 + 1,117,1012,Ankara,2419,Sincan,2449,Tandoğan
667507,1895851,Sale,Bahçe,Arsa,510000,TRY,510000,TRY,,,,500,1,İstanbul,182,Beykoz,212,Cumhuriyet
667508,2194617,Sale,Daire,Konut,246000,TRY,246000,TRY,2,1,2 + 1,100,2554,İzmir,2907,Buca,2908,Adatepe
667509,1671264,Sale,Daire,Konut,207000,TRY,207000,TRY,2,1,2 + 1,90,1,İstanbul,682,Sancaktepe,695,Merve
667510,1727807,Sale,Daire,Konut,140000,TRY,140000,TRY,3,1,3 + 1,115,1012,Ankara,1912,Keçiören,1925,Ufuktepe
667511,778844,Rent,Dükkan / Mağaza,İşyeri,1500,TRY,1500,TRY,,,,340,36701,Samsun,37117,Çarşamba,37190,Çınarlık
667512,1334850,Sale,Daire,Konut,290000,TRY,290000,TRY,3,1,3 + 1,130,40596,Tekirdağ,40626,Çorlu,40628,Alipaşa
667513,1579720,Sale,Daire,Konut,499000,TRY,499000,TRY,3,1,3 + 1,174,1,İstanbul,394,Esenyurt,47880,Zafer
667514,2033129,Rent,Daire,Konut,1300,TRY,1300,TRY,3,1,3 + 1,140,1,İstanbul,377,Esenler,378,Fatih
667515,1791778,Sale,Daire,Konut,650000,TRY,650000,TRY,3,1,3 + 1,170,3960,Antalya,4641,Konyaaltı,4647,Liman
667516,587691,Sale,Muhtelif Arsa,Arsa,21150000,TRY,21150000,TRY,,,,47000,1,İstanbul,314,Çatalca,345,Örcünlü
667517,1877632,Sale,Daire,Konut,157000,TRY,157000,TRY,3,1,3 + 1,95,1012,Ankara,1041,Altındağ,1042,Aydınlıkevler
667518,1894864,Sale,Tarla,Arsa,124000,TRY,124000,TRY,,,,4210,35966,Sakarya,36561,Pamukova,36579,Şeyhvarmaz
667519,1825572,Rent,Daire,Konut,800,TRY,800,TRY,2,1,2 + 1,90,14264,Çanakkale,14532,Çanakkale Merkez,70772,Kepez Bld. (Cumhuriyet)
667520,2091599,Rent,Daire,Konut,750,TRY,750,TRY,1,1,1 + 1,60,10423,Aydın,10831,Kuşadası,10832,Türkmen
667521,2080026,Sale,Daire,Konut,150000,TRY,150000,TRY,2,1,2 + 1,95,29689,Manisa,30838,Yunusemre,30880,Muradiye
667522,2135979,Rent,Daire,Konut,1200,TRY,1200,TRY,2,1,2 + 1,75,1,İstanbul,67,Avcılar,75,Merkez
667523,1841025,Sale,Daire,Konut,800000,TRY,800000,TRY,4,1,4 + 1,240,25014,Kayseri,25245,Kocasinan,25329,Erciyesevler
667524,2131132,Rent,Daire,Konut,1300,TRY,1300,TRY,1,1,1 + 1,85,1,İstanbul,229,Beylikdüzü,232,Cumhuriyet
667525,1687874,Sale,Daire,Konut,360000,TRY,360000,TRY,2,1,2 + 1,112,1,İstanbul,644,Pendik,648,Güzelyalı
667526,1568582,Rent,Daire,Konut,1500,TRY,1500,TRY,2,1,2 + 1,100,32637,Muğla,32638,Bodrum,32690,Konacık
667527,1464903,Sale,Daire,Konut,140000,TRY,140000,TRY,1,1,1 + 1,55,14264,Çanakkale,14532,Çanakkale Merkez,70797,Barbaros
667528,2050285,Sale,Daire,Konut,200000,TRY,200000,TRY,3,2,3 + 2,100,1,İstanbul,229,Beylikdüzü,73159,Beylikdüzü OSB
667529,1749644,Rent,Daire,Konut,2200,TRY,2200,TRY,2,1,2 + 1,85,1,İstanbul,625,Maltepe,635,İdealtepe
667530,1566424,Sale,Daire,Konut,116500,TRY,116500,TRY,3,1,3 + 1,130,1012,Ankara,1041,Altındağ,1057,Çamlık
667531,1829023,Sale,Daire,Konut,250000,TRY,250000,TRY,3,1,3 + 1,145,5092,Bursa,6182,Yıldırım,6197,Esenevler
667532,1952861,Rent,Müstakil Ev,Konut,600,TRY,600,TRY,1,1,1 + 1,90,6826,Adana,7452,Seyhan,7457,Sümer
667533,1961390,Rent,Daire,Konut,1100,TRY,1100,TRY,1,1,1 + 1,65,1,İstanbul,101,Bahçelievler,103,Şirinevler
667534,1177203,Sale,Villa,Konut,240000,TRY,240000,TRY,4,1,4 + 1,150,32637,Muğla,32706,Dalaman,32709,Karaçalı
667535,1700420,Sale,Daire,Konut,140000,TRY,140000,TRY,3,1,3 + 1,145,36701,Samsun,36803,Atakum,36818,Cumhuriyet
667536,1199702,Rent,Daire,Konut,850,TRY,850,TRY,3,1,3 + 1,145,5092,Bursa,5138,Gemlik,5150,Hisar
667537,1297589,Sale,Daire,Konut,135000,TRY,135000,TRY,2,1,2 + 1,100,26630,Konya,26665,Akşehir,26685,Yeni
667538,1768928,Sale,Daire,Konut,180000,TRY,180000,TRY,2,1,2 + 1,95,1012,Ankara,2482,Yenimahalle,2484,Demetevler
667539,1348140,Sale,Daire,Konut,210000,TRY,210000,TRY,2,1,2 + 1,95,1,İstanbul,601,Küçükçekmece,608,İnönü
667540,1203948,Sale,Daire,Konut,165000,TRY,165000,TRY,3,1,3 + 1,120,6253,Kocaeli,6305,Darıca,74309,Kazım Karabekir
667541,1964734,Sale,Daire,Konut,4000000,TRY,4000000,TRY,2,1,2 + 1,120,1,İstanbul,241,Beyoğlu,245,Gümüşsuyu
667542,2201235,Sale,Daire,Konut,365000,TRY,365000,TRY,3,1,3 + 1,119,1,İstanbul,131,Başakşehir,137,Kayabaşı
667543,1878009,Sale,Tarla,Arsa,131442,TRY,131442,TRY,,,,4832,44190,Zonguldak,44415,Ereğli,75361,Kızılca Köyü
667544,2228415,Sale,Villa,Konut,495000,TRY,495000,TRY,3,1,3 + 1,100,32637,Muğla,33132,Ula,33141,Akyaka
667545,2084506,Sale,Daire,Konut,189000,TRY,189000,TRY,2,1,2 + 1,90,1,İstanbul,887,Sultangazi,898,Yunus Emre
667546,1174800,Sale,Tarla,Arsa,48000,TRY,48000,TRY,,,,300,1,İstanbul,806,Silivri,69746,Mimar Sinan
667547,939533,Sale,Daire,Konut,250000,TRY,250000,TRY,3,1,3 + 1,120,1012,Ankara,2071,Mamak,2094,Durali Alıç
667548,1841246,Rent,Komple Bina,İşyeri,1750000,TRY,1750000,TRY,,,,35000,1,İstanbul,703,Sarıyer,704,Maslak
667549,1515639,Sale,Daire,Konut,800000,TRY,800000,TRY,3,1,3 + 1,160,1,İstanbul,101,Bahçelievler,104,Bahçelievler
667550,1733239,Sale,Dükkan / Mağaza,İşyeri,4900000,TRY,4900000,TRY,,,,1292,1012,Ankara,1565,Etimesgut,1580,Bahçekapı
667551,744685,Sale,Yalı Dairesi,Konut,17000000,TRY,17000000,TRY,3,1,3 + 1,250,1,İstanbul,156,Beşiktaş,168,Bebek
667552,1600200,Sale,Daire,Konut,220000,TRY,220000,TRY,2,1,2 + 1,110,3960,Antalya,4816,Manavgat,4857,Yayla
667553,2235442,Sale,Daire,Konut,575000,TRY,575000,TRY,3,1,3 + 1,200,32637,Muğla,32638,Bodrum,32684,Gümüşlük
667554,1531208,Sale,Daire,Konut,1100000,TRY,1100000,TRY,4,1,4 + 1,180,1,İstanbul,903,Tuzla,904,Aydınlı
667555,1748254,Sale,Daire,Konut,265000,TRY,265000,TRY,3,1,3 + 1,135,36701,Samsun,37367,İlkadım,37409,Kışla
667556,1756929,Sale,Daire,Konut,290000,TRY,290000,TRY,3,1,3 + 1,110,11210,Balıkesir,11211,Ayvalık,11212,150 Evler
667557,1902929,Rent,Daire,Konut,1750,TRY,1750,TRY,2,1,2 + 1,105,1,İstanbul,101,Bahçelievler,103,Şirinevler
667558,1726747,Sale,Daire,Konut,230000,TRY,230000,TRY,3,1,3 + 1,200,28777,Malatya,28986,Battalgazi,29084,Göztepe
667559,1851204,Rent,Depo / Antrepo,İşyeri,4000,TRY,4000,TRY,,,,370,32637,Muğla,32956,Milas,32996,Şevketiye
667560,1656562,Rent,Daire,Konut,900,TRY,900,TRY,1,1,1 + 1,55,43717,Yozgat,43929,Yozgat Merkez,69879,Aşağınohutlu
667561,2030199,Sale,Dükkan / Mağaza,İşyeri,235000,TRY,235000,TRY,,,,28,1,İstanbul,537,Kadıköy,545,Bostancı
667562,2182397,Sale,Daire,Konut,215000,TRY,215000,TRY,2,1,2 + 1,90,1,İstanbul,394,Esenyurt,405,İncirtepe
667563,706430,Rent,Daire,Konut,1500,TRY,1500,TRY,3,1,3 + 1,165,1,İstanbul,229,Beylikdüzü,236,Adnan Kahveci
667564,1807166,Sale,Daire,Konut,220000,TRY,220000,TRY,2,1,2 + 1,115,5092,Bursa,5969,Osmangazi,5981,Demirtaş Dumlupınar
667565,2007751,Rent,Cafe / Restoran / Bar,İşyeri,1500,TRY,1500,TRY,,,,120,17436,Edirne,17607,Edirne Merkez,70915,Şükrüpaşa
667566,2107677,Sale,Daire,Konut,280000,TRY,280000,TRY,3,1,3 + 1,145,22677,Isparta,22847,Isparta Merkez,70390,Ayazmana
667567,2222855,Sale,Villa,Konut,348000,TRY,348000,TRY,3,1,3 + 1,210,10423,Aydın,10576,Didim,10582,Cumhuriyet
667568,1773256,Rent,Daire,Konut,1200,TRY,1200,TRY,2,1,2 + 1,105,1,İstanbul,355,Çekmeköy,361,Aydınlar
667569,1864562,Sale,Daire,Konut,165999,TRY,165999,TRY,2,1,2 + 1,110,3960,Antalya,4065,Alanya,4197,Konaklı
667570,1925898,Sale,Konut İmarlı,Arsa,730000,TRY,730000,TRY,,,,586,5092,Bursa,5969,Osmangazi,6099,Altınova
667571,2110580,Sale,Daire,Konut,850000,TRY,850000,TRY,3,1,3 + 1,175,1,İstanbul,625,Maltepe,626,Küçükyalı
667572,2245322,Sale,Daire,Konut,127000,TRY,127000,TRY,3,1,3 + 1,165,26025,Kırıkkale,26116,Kırıkkale Merkez,70614,Etiler
667573,2146634,Sale,Daire,Konut,225000,TRY,225000,TRY,3,1,3 + 1,165,41024,Tokat,41192,Tokat Merkez,70738,Büyük Beybağı
667574,1958227,Sale,Daire,Konut,119000,TRY,119000,TRY,1,1,1 + 1,85,1,İstanbul,229,Beylikdüzü,73159,Beylikdüzü OSB
667575,2303263,Sale,Daire,Konut,130000,TRY,130000,TRY,3,1,3 + 1,132,40596,Tekirdağ,40950,Süleymanpaşa,40956,Altınova
667576,1106784,Sale,Daire,Konut,212000,TRY,212000,TRY,2,1,2 + 1,90,1,İstanbul,394,Esenyurt,410,Saadetdere
667577,2076089,Sale,Daire,Konut,750000,TRY,750000,TRY,4,1,4 + 1,265,41649,Trabzon,41650,Akçaabat,41661,Yıldızlı
667578,1605688,Sale,Daire,Konut,250000,TRY,250000,TRY,2,1,2 + 1,120,31676,Mersin,32601,Yenişehir,32602,Akkent
667579,2093889,Sale,Çok Amaçlı,Arsa,1142000,TRY,1142000,TRY,,,,16000,3960,Antalya,5004,Serik,5053,Boğazkent
667580,1340036,Rent,Dükkan / Mağaza,İşyeri,900,TRY,900,TRY,,,,120,41649,Trabzon,42456,Ortahisar,42559,Pelitli
667581,2056446,Sale,Daire,Konut,175000,TRY,175000,TRY,2,1,2 + 1,90,6826,Adana,7452,Seyhan,7493,Bahçeşehir
667582,1960504,Sale,Villa,Konut,640000,TRY,640000,TRY,3,1,3 + 1,150,10423,Aydın,10831,Kuşadası,10855,Güzelçamlı
667583,1983887,Rent,Dükkan / Mağaza,İşyeri,200000,TRY,200000,TRY,,,,60,1,İstanbul,843,Şişli,848,Fulya
667584,1861095,Rent,Daire,Konut,4500,TRY,4500,TRY,3,1,3 + 1,190,1,İstanbul,703,Sarıyer,708,Zekeriyaköy
667585,2158548,Sale,Daire,Konut,100000,TRY,100000,TRY,2,1,2 + 1,100,1012,Ankara,2071,Mamak,2075,Saimekadın
667586,1938511,Sale,Daire,Konut,175000,TRY,175000,TRY,2,1,2 + 1,125,13752,Bolu,13823,Bolu Merkez,70126,Aktaş
667587,1738181,Sale,Daire,Konut,320000,TRY,320000,TRY,4,1,4 + 1,120,1,İstanbul,742,Şile,744,Balibey
667588,1476015,Sale,Daire,Konut,265000,TRY,265000,TRY,2,1,2 + 1,90,1,İstanbul,903,Tuzla,904,Aydınlı
667589,1702454,Rent,Daire,Konut,2500,TRY,2500,TRY,3,1,3 + 1,120,2554,İzmir,3183,Karşıyaka,3185,Aksoy
667590,1848032,Sale,Daire,Konut,195000,TRY,195000,TRY,3,1,3 + 1,150,25014,Kayseri,25245,Kocasinan,25314,Turgut Reis
667591,2263038,Sale,Daire,Konut,289000,TRY,289000,TRY,2,1,2 + 1,90,1,İstanbul,926,Ümraniye,927,Yukarı Dudullu
667592,1739625,Sale,Zeytinlik,Arsa,360000,TRY,360000,TRY,,,,11767,11210,Balıkesir,11455,Burhaniye,11480,Pelitköy
667593,2203249,Sale,Müstakil Ev,Konut,2500000,TRY,2500000,TRY,10,0,10 ve üzeri,750,1,İstanbul,806,Silivri,73135,Selimpaşa
667594,1889929,Sale,Müstakil Ev,Konut,1900000,TRY,1900000,TRY,3,1,3 + 1,140,11210,Balıkesir,11211,Ayvalık,11216,Sefa Çamlık
667595,1414399,Sale,Yazlık,Konut,360000,TRY,360000,TRY,2,1,2 + 1,80,10423,Aydın,10576,Didim,10583,Çamlık
667596,1995859,Sale,Daire,Konut,470000,TRY,470000,TRY,3,1,3 + 1,140,32637,Muğla,32917,Marmaris,32939,Beldibi
667597,1987234,Rent,Daire,Konut,750,TRY,750,TRY,3,1,3 + 1,125,19584,Eskişehir,19836,Odunpazarı,19866,Göztepe
667598,1721919,Sale,Tarla,Arsa,225000,TRY,225000,TRY,,,,12,26630,Konya,27615,Karatay,27695,Zincirli
667599,1994261,Sale,Daire,Konut,290000,TRY,290000,TRY,3,1,3 + 1,196,28777,Malatya,29593,Yeşilyurt,29657,Bostanbaşı
667600,2125765,Sale,Daire,Konut,570000,TRY,570000,TRY,3,2,3 + 2,145,1,İstanbul,229,Beylikdüzü,238,Marmara
667601,1989958,Sale,Müstakil Ev,Konut,550000,TRY,550000,TRY,3,1,3 + 1,100,32637,Muğla,32917,Marmaris,32945,İçmeler
667602,1912097,Rent,Daire,Konut,1800,TRY,1800,TRY,2,1,2 + 1,80,1,İstanbul,448,Fatih,483,Silivrikapı
667603,1919156,Rent,Daire,Konut,950,TRY,950,TRY,1,1,1 + 1,55,19584,Eskişehir,20081,Tepebaşı,20147,Bahçelievler
667604,2121470,Sale,Daire,Konut,299000,TRY,299000,TRY,2,1,2 + 1,95,1,İstanbul,49,Ataşehir,52,İçerenköy
667605,1353064,Sale,Daire,Konut,300000,TRY,300000,TRY,3,1,3 + 1,150,41649,Trabzon,42456,Ortahisar,42559,Pelitli
667606,1595307,Sale,Dükkan / Mağaza,İşyeri,169000,TRY,169000,TRY,,,,63,3960,Antalya,4947,Muratpaşa,5000,Zerdalilik
667607,2004552,Rent,Daire,Konut,850,TRY,850,TRY,2,1,2 + 1,95,1012,Ankara,1322,Çankaya,1408,Huzur
667608,2093862,Sale,Daire,Konut,185000,TRY,185000,TRY,2,1,2 + 1,110,31676,Mersin,31885,Erdemli,31907,Akdeniz
667609,1424092,Sale,Daire,Konut,180000,TRY,180000,TRY,3,1,3 + 1,180,40100,Sivas,40310,Sivas Merkez,70290,Demircilerardı
667610,2099969,Rent,Daire,Konut,1000,TRY,1000,TRY,1,1,1 + 1,55,31676,Mersin,32601,Yenişehir,32602,Akkent
667611,2026292,Sale,Daire,Konut,165000,TRY,165000,TRY,2,1,2 + 1,100,3960,Antalya,4574,Kepez,4599,Güneş
667612,2121773,Sale,Daire,Konut,1590000,TRY,1590000,TRY,3,1,3 + 1,150,1,İstanbul,537,Kadıköy,538,Göztepe
667613,1755031,Rent,Daire,Konut,3500,TRY,3500,TRY,3,1,3 + 1,167,1,İstanbul,601,Küçükçekmece,603,Atakent
667614,1410770,Sale,Daire,Konut,93000,TRY,93000,TRY,3,1,3 + 1,110,17732,Elazığ,17893,Elazığ Merkez,70933,Üniversite
667615,1098932,Sale,Bahçe,Arsa,170000,TRY,170000,TRY,,,,950,35966,Sakarya,36595,Sapanca,36625,Nailiye
667616,1809804,Sale,Daire,Konut,340000,TRY,340000,TRY,2,1,2 + 1,85,10423,Aydın,10831,Kuşadası,10832,Türkmen
667617,1714461,Sale,Villa,Konut,499000,TRY,499000,TRY,6,2,6 + 2,320,25014,Kayseri,25245,Kocasinan,74756,Barsama
667618,1849444,Sale,Daire,Konut,320000,TRY,320000,TRY,2,1,2 + 1,80,32637,Muğla,32638,Bodrum,32639,Ortakentyahşi
667619,308680,Sale,Daire,Konut,272000,TRY,272000,TRY,4,1,4 + 1,260,1,İstanbul,394,Esenyurt,410,Saadetdere
667620,1781906,Sale,Daire,Konut,370000,TRY,370000,TRY,4,1,4 + 1,210,31676,Mersin,32049,Mezitli,32062,Akdeniz
667621,2218707,Sale,Daire,Konut,650000,TRY,650000,TRY,3,1,3 + 1,170,3960,Antalya,4641,Konyaaltı,4648,Molla Yusuf
667622,1865521,Sale,Daire,Konut,176000,TRY,176000,TRY,3,1,3 + 1,130,1012,Ankara,2419,Sincan,2426,Plevne
667623,619556,Sale,Daire,Konut,238000,TRY,238000,TRY,1,1,1 + 1,90,1,İstanbul,394,Esenyurt,47880,Zafer
667624,1824620,Sale,Daire,Konut,300000,TRY,300000,TRY,2,1,2 + 1,110,15241,Denizli,15957,Merkezefendi,15989,Karaman
667625,1367759,Sale,Daire,Konut,210000,TRY,210000,TRY,3,1,3 + 1,140,18260,Erzurum,18336,Aziziye,74188,Gez Köyü OSB
667626,1457572,Sale,Atölye,İşyeri,155000,TRY,155000,TRY,,,,14,2554,İzmir,3597,Narlıdere,3599,Çamtepe
667627,2050868,Sale,Daire,Konut,172000,TRY,172000,TRY,3,1,3 + 1,120,1012,Ankara,2071,Mamak,2077,Tuzluçayır
667628,2075391,Sale,Daire,Konut,257000,TRY,257000,TRY,3,1,3 + 1,130,26025,Kırıkkale,26116,Kırıkkale Merkez,72143,Bağlarbaşı
667629,1427123,Sale,Daire,Konut,145000,TRY,145000,TRY,1,1,1 + 1,70,29689,Manisa,30838,Yunusemre,30880,Muradiye
667630,2209920,Sale,Daire,Konut,350000,TRY,350000,TRY,4,1,4 + 1,70,10423,Aydın,10576,Didim,10586,Mavişehir
667631,1072176,Sale,Daire,Konut,335000,TRY,335000,TRY,3,1,3 + 1,115,29689,Manisa,30762,Şehzadeler,30780,Utku
667632,2077039,Sale,Dükkan / Mağaza,İşyeri,6500000,TRY,6500000,TRY,,,,950,19584,Eskişehir,20081,Tepebaşı,20169,Eskibağlar
667633,1649692,Rent,Daire,Konut,750,TRY,750,TRY,3,1,3 + 1,135,41649,Trabzon,42456,Ortahisar,42490,1 Nolu Beşirli
667634,2002426,Rent,Çiftlik,Arsa,1250,TRY,1250,TRY,,,,2000,1,İstanbul,806,Silivri,814,İsmetpaşa
667635,2233988,Sale,Daire,Konut,315000,TRY,315000,TRY,3,1,3 + 1,165,3960,Antalya,4947,Muratpaşa,4951,Kırcami
667636,2066360,Sale,Daire,Konut,350000,TRY,350000,TRY,2,1,2 + 1,110,10423,Aydın,10831,Kuşadası,10833,İkiçeşmelik
667637,1655926,Rent,Daire,Konut,1650,TRY,1650,TRY,2,1,2 + 1,110,19584,Eskişehir,19836,Odunpazarı,19844,Arifiye
667638,1926624,Rent,Dükkan / Mağaza,İşyeri,7500,TRY,7500,TRY,,,,350,6253,Kocaeli,6455,İzmit,6550,Çukurbağ
667639,1996750,Rent,Ofis,İşyeri,4000,TRY,4000,TRY,,,,180,1,İstanbul,156,Beşiktaş,175,Cihannüma
667640,1608135,Sale,Daire,Konut,310000,TRY,310000,TRY,3,1,3 + 1,170,31676,Mersin,32601,Yenişehir,32604,Afetevler
667641,2000497,Sale,Daire,Konut,210000,TRY,210000,TRY,2,1,2 + 1,85,10423,Aydın,10576,Didim,10587,Yeni
667642,1085635,Sale,Daire,Konut,170000,TRY,170000,TRY,2,1,2 + 1,90,2554,İzmir,2907,Buca,2943,Yiğitler
667643,1117054,Rent,Muhtelif Arsa,Arsa,3500,TRY,3500,TRY,,,,6000,34286,Ordu,35185,Altınordu,35250,Dedeli
667644,1052613,Sale,Daire,Konut,215000,TRY,215000,TRY,2,1,2 + 1,80,1,İstanbul,377,Esenler,391,Tuna
667645,2288184,Sale,Daire,Konut,172000,TRY,172000,TRY,2,1,2 + 1,110,7732,Adıyaman,8021,Adıyaman Merkez,70123,Siteler
667646,1801183,Sale,Daire,Konut,175000,TRY,175000,TRY,3,1,3 + 1,130,19584,Eskişehir,20081,Tepebaşı,20133,Zafer
667647,2179934,Sale,Tarla,Arsa,65000,TRY,65000,TRY,,,,2191,6253,Kocaeli,6661,Karamürsel,6693,İhsaniye
667648,1921701,Rent,Daire,Konut,500,TRY,500,TRY,2,1,2 + 1,120,15241,Denizli,15759,Pamukkale,15775,Pelitlibağ
667649,1740368,Sale,Daire,Konut,225000,TRY,225000,TRY,1,1,1 + 1,50,10423,Aydın,10831,Kuşadası,10842,Kadınlar Denizi
667650,2207632,Rent,Daire,Konut,1450,TRY,1450,TRY,3,1,3 + 1,135,1,İstanbul,229,Beylikdüzü,232,Cumhuriyet
667651,1764392,Rent,Daire,Konut,1750,TRY,1750,TRY,3,1,3 + 1,130,2554,İzmir,3102,Karabağlar,3104,Basın Sitesi
667652,2306691,Sale,Daire,Konut,219000,TRY,219000,TRY,2,1,2 + 1,115,1,İstanbul,887,Sultangazi,895,İsmetpaşa
667653,1730489,Rent,Daire,Konut,2350,TRY,2350,TRY,2,1,2 + 1,115,2554,İzmir,3183,Karşıyaka,3207,Mustafa Kemal
667654,984460,Sale,Daire,Konut,450000,TRY,450000,TRY,4,1,4 + 1,220,31676,Mersin,32049,Mezitli,32062,Akdeniz
667655,1690546,Rent,Daire,Konut,650,TRY,650,TRY,3,1,3 + 1,170,5092,Bursa,5776,Nilüfer,5841,Ürünlü
667656,1837239,Sale,Daire,Konut,1385000,TRY,1385000,TRY,3,1,3 + 1,140,1,İstanbul,537,Kadıköy,541,Suadiye
667657,2070759,Sale,Daire,Konut,202500,TRY,202500,TRY,3,1,3 + 1,175,6826,Adana,6995,Çukurova,7011,Yüzüncüyıl
667658,1958787,Rent,Daire,Konut,1250,TRY,1250,TRY,2,1,2 + 1,95,1,İstanbul,926,Ümraniye,939,İstiklal
667659,1525573,Sale,Tarla,Arsa,275000,TRY,275000,TRY,,,,1045,6253,Kocaeli,6357,Gebze,6385,Denizli
667660,352113,Sale,Daire,Konut,320000,TRY,320000,TRY,2,1,2 + 1,95,1,İstanbul,101,Bahçelievler,74397,Kocasinan Merkez
667661,1893124,Sale,Bağ,Arsa,150000,TRY,150000,TRY,,,,274,1,İstanbul,644,Pendik,680,Kurna
667662,1686740,Sale,Daire,Konut,270000,TRY,270000,TRY,3,1,3 + 1,175,1012,Ankara,1041,Altındağ,1055,Beşikkaya
667663,1678965,Rent,Daire,Konut,3000,TRY,3000,TRY,6,1,6 + 1,320,6826,Adana,6995,Çukurova,7000,Güzelyalı
667664,1957170,Sale,Daire,İşyeri,130000,TRY,130000,TRY,1,1,1 + 1,50,3960,Antalya,4947,Muratpaşa,4953,Meydankavağı
667665,2123197,Rent,Daire,Konut,1000,TRY,1000,TRY,2,1,2 + 1,100,32637,Muğla,32746,Fethiye,32759,Tuzla
667666,831947,Sale,Daire,Konut,575000,TRY,575000,TRY,3,1,3 + 1,270,1,İstanbul,394,Esenyurt,395,Esenkent
667667,1628941,Rent,Daire,Konut,1200,TRY,1200,TRY,3,1,3 + 1,130,32637,Muğla,32746,Fethiye,32754,Patlangıç
667668,1913169,Rent,Depo / Antrepo,İşyeri,3500,TRY,3500,TRY,,,,100,32637,Muğla,32917,Marmaris,32921,Hatipirimi
667669,2048328,Sale,Daire,Konut,300000,TRY,300000,TRY,4,1,4 + 1,200,23133,Kahramanmaraş,23817,Onikişubat,23874,5 Nisan
667670,1769949,Sale,Daire,Konut,450000,TRY,450000,TRY,4,1,4 + 1,205,31676,Mersin,32322,Tarsus,32450,Kaleburcu
667671,1560607,Sale,Tarla,Arsa,5500000,TRY,5500000,TRY,,,,68000,32637,Muğla,33102,Ortaca,33124,Güzelyurt
667672,1275925,Sale,Daire,Konut,345000,TRY,345000,TRY,3,1,3 + 1,170,31676,Mersin,32049,Mezitli,32071,Yeni
667673,1663091,Sale,Daire,Konut,158000,TRY,158000,TRY,2,1,2 + 1,100,1,İstanbul,229,Beylikdüzü,232,Cumhuriyet
667674,1892379,Sale,Daire,Konut,490000,TRY,490000,TRY,3,1,3 + 1,140,10423,Aydın,10831,Kuşadası,10833,İkiçeşmelik
667675,2040240,Sale,Daire,Konut,170000,TRY,170000,TRY,2,1,2 + 1,85,10423,Aydın,10576,Didim,10583,Çamlık
667676,1972355,Rent,Dükkan / Mağaza,İşyeri,2500,TRY,2500,TRY,,,,50,5092,Bursa,5969,Osmangazi,6084,Hamitler
667677,2238183,Rent,Daire,Konut,1000,TRY,1000,TRY,3,1,3 + 1,140,1,İstanbul,394,Esenyurt,406,İnönü
667678,1523464,Rent,Dükkan / Mağaza,İşyeri,15000,TRY,15000,TRY,,,,400,2554,İzmir,2907,Buca,2940,Vali Rahmi Bey
667679,1239659,Sale,Daire,Konut,445000,TRY,445000,TRY,3,1,3 + 1,160,1,İstanbul,67,Avcılar,70,Denizköşkler
667680,1775268,Sale,Daire,Konut,190000,TRY,190000,TRY,2,1,2 + 1,65,32637,Muğla,33294,Menteşe,33306,Karşıyaka
667681,810115,Sale,Daire,Konut,298000,TRY,298000,TRY,2,1,2 + 1,90,1,İstanbul,66134,Eyüpsultan,66159,Çırçır
667682,1238770,Sale,Daire,Konut,280000,TRY,280000,TRY,4,1,4 + 1,210,6253,Kocaeli,6455,İzmit,6529,Topçular
667683,2189487,Sale,Villa,Konut,1260000,TRY,1260000,TRY,8,2,8 + 2,450,1,İstanbul,644,Pendik,662,Çamlık
667684,2271600,Sale,Daire,Konut,184000,TRY,184000,TRY,2,1,2 + 1,95,11210,Balıkesir,11609,Edremit,11640,Akçay
667685,1586149,Sale,Daire,Konut,350000,TRY,350000,TRY,3,1,3 + 1,150,31676,Mersin,32601,Yenişehir,74347,Cumhuriyet
667686,514334,Sale,Daire,Konut,319000,TRY,319000,TRY,4,1,4 + 1,180,1012,Ankara,2482,Yenimahalle,2523,Pamuklar
667687,1582636,Sale,Müstakil Ev,Konut,245000,TRY,245000,TRY,2,1,2 + 1,120,22677,Isparta,22847,Isparta Merkez,70335,Davraz
667688,2031838,Rent,Dükkan / Mağaza,İşyeri,6000,TRY,6000,TRY,,,,130,1,İstanbul,537,Kadıköy,541,Suadiye
667689,1309831,Sale,Daire,Konut,200000,TRY,200000,TRY,2,1,2 + 1,100,1,İstanbul,229,Beylikdüzü,73159,Beylikdüzü OSB
667690,1024309,Sale,Daire,Konut,145000,TRY,145000,TRY,2,1,2 + 1,70,1,İstanbul,67,Avcılar,74,Firuzköy
667691,2155428,Sale,Müstakil Ev,Konut,267000,TRY,267000,TRY,3,1,3 + 1,130,35966,Sakarya,36519,Kocaali,36520,Alandere
667692,470018,Sale,Konut İmarlı,Arsa,90000,TRY,90000,TRY,,,,300,10423,Aydın,10576,Didim,10589,Akbük
667693,1902509,Sale,Daire,Konut,131000,TRY,131000,TRY,1,1,1 + 1,60,10423,Aydın,10576,Didim,10585,Hisar
667694,1524105,Rent,Müstakil Ev,Konut,2500,TRY,2500,TRY,3,1,3 + 1,120,32637,Muğla,32638,Bodrum,32648,Bitez
667695,1576752,Rent,Daire,Konut,1200,TRY,1200,TRY,2,1,2 + 1,90,1,İstanbul,394,Esenyurt,49097,Sultaniye
667696,1412052,Rent,Daire,Konut,1300,TRY,1300,TRY,3,2,3 + 2,175,1,İstanbul,394,Esenyurt,401,Akçaburgaz
667697,1672538,Rent,Daire,Konut,850,TRY,850,TRY,3,1,3 + 1,118,5092,Bursa,6182,Yıldırım,6230,Yıldırım
667698,1013370,Sale,Daire,Konut,285000,TRY,285000,TRY,3,1,3 + 1,138,11210,Balıkesir,11609,Edremit,11611,Cennetayağı
667699,1808637,Rent,Daire,Konut,1200,TRY,1200,TRY,4,1,4 + 1,160,11210,Balıkesir,12277,Altıeylül,12317,Plevne
667700,1846118,Rent,Daire,Konut,850,TRY,850,TRY,2,1,2 + 1,75,1,İstanbul,871,Sultanbeyli,873,Adil
667701,2050078,Sale,Daire,Konut,238000,TRY,238000,TRY,2,1,2 + 1,120,6826,Adana,6995,Çukurova,7010,Yurt
667702,1772202,Sale,Daire,Konut,195000,TRY,195000,TRY,3,1,3 + 1,115,1012,Ankara,2419,Sincan,2424,Malazgirt
667703,1557264,Sale,Daire,Konut,213000,TRY,213000,TRY,3,1,3 + 1,145,34018,Niğde,34149,Niğde Merkez,70785,Yukarı Kayabaşı
667704,1608190,Sale,Daire,Konut,110000,TRY,110000,TRY,1,1,1 + 1,50,28229,Kütahya,28473,Kütahya Merkez,70169,Yıldırım Beyazıt
667705,1462742,Rent,Dükkan / Mağaza,İşyeri,3450,TRY,3450,TRY,,,,50,1,İstanbul,625,Maltepe,627,Altıntepe
667706,1853303,Sale,Daire,Konut,345000,TRY,345000,TRY,3,1,3 + 1,120,2554,İzmir,3102,Karabağlar,3104,Basın Sitesi
667707,2165990,Rent,Daire,Konut,1650,TRY,1650,TRY,2,1,2 + 1,140,31676,Mersin,32601,Yenişehir,32607,Fuatmorel
667708,1205960,Sale,Rezidans,Konut,960000,TRY,960000,TRY,7,1,7 + 1,500,24690,Kastamonu,24853,Kastamonu Merkez,70418,Saraçlar
667709,2094769,Sale,Konut İmarlı,Arsa,65000,TRY,65000,TRY,,,,44,32637,Muğla,32733,Datça,32737,Cumalı
667710,1738411,Rent,Daire,Konut,750,TRY,750,TRY,3,1,3 + 1,130,1012,Ankara,1565,Etimesgut,1566,Alsancak
667711,2051186,Sale,Villa,Konut,870000,TRY,870000,TRY,2,1,2 + 1,170,3960,Antalya,4065,Alanya,4099,Çarşı
667712,1464968,Sale,Daire,Konut,179000,TRY,179000,TRY,1,1,1 + 1,70,1,İstanbul,101,Bahçelievler,74749,Yenibosna Merkez
667713,1618098,Sale,Daire,Konut,163000,TRY,163000,TRY,2,1,2 + 1,73,10423,Aydın,10576,Didim,10585,Hisar
667714,993893,Sale,Daire,Konut,315000,TRY,315000,TRY,2,1,2 + 1,100,1,İstanbul,67,Avcılar,75,Merkez
667715,1094587,Sale,Daire,Konut,130000,TRY,130000,TRY,1,1,1 + 1,55,14264,Çanakkale,14532,Çanakkale Merkez,70797,Barbaros
667716,1684233,Sale,Depo / Antrepo,İşyeri,10000000,TRY,10000000,TRY,,,,2750,6253,Kocaeli,6704,Kartepe,6778,Köseköy
667717,1031216,Rent,Daire,Konut,850,TRY,850,TRY,3,1,3 + 1,185,31676,Mersin,32601,Yenişehir,32602,Akkent
667718,1487582,Sale,Villa,Konut,469000,TRY,469000,TRY,3,1,3 + 1,175,10423,Aydın,10831,Kuşadası,10853,Davutlar
667719,1727111,Sale,Daire,Konut,107500,TRY,107500,TRY,1,1,1 + 1,70,17102,Düzce,17250,Düzce Merkez,70685,Kara Hacımusa
667720,1544860,Sale,Daire,Konut,240000,TRY,240000,TRY,2,1,2 + 1,90,6253,Kocaeli,6661,Karamürsel,6690,4 Temmuz
667721,1404965,Sale,Daire,Konut,425000,TRY,425000,TRY,3,1,3 + 1,125,1,İstanbul,625,Maltepe,639,Çınar
667722,2251812,Rent,Daire,Konut,2000,TRY,2000,TRY,4,1,4 + 1,226,3960,Antalya,4065,Alanya,4128,Küçükhasbahçe
667723,1864817,Sale,Tarla,Arsa,1000000,TRY,1000000,TRY,,,,12000,2554,İzmir,3858,Torbalı,3914,Yeniköy
667724,1889633,Rent,Daire,Konut,850,TRY,850,TRY,2,1,2 + 1,100,32637,Muğla,32746,Fethiye,32766,Taşyaka
667725,2232154,Rent,Daire,Konut,1500,TRY,1500,TRY,4,1,4 + 1,170,44190,Zonguldak,44415,Ereğli,44479,Süleymanlar
667726,1064266,Sale,Daire,Konut,190000,TRY,190000,TRY,2,1,2 + 1,95,19584,Eskişehir,20081,Tepebaşı,20144,Ertuğrulgazi
667727,1933307,Sale,Daire,Konut,169000,TRY,169000,TRY,1,1,1 + 1,65,10423,Aydın,10831,Kuşadası,10832,Türkmen
667728,1252853,Rent,Dükkan / Mağaza,İşyeri,5000,TRY,5000,TRY,,,,300,17102,Düzce,17250,Düzce Merkez,70611,Körpeşler
667729,839579,Sale,Rezidans,Konut,210000,TRY,210000,TRY,1,0,1 + 0,39,1,İstanbul,580,Kartal,585,Esentepe
667730,2032253,Sale,Daire,Konut,330000,TRY,330000,TRY,2,1,2 + 1,100,1,İstanbul,644,Pendik,645,Kurtköy
667731,2260575,Sale,Konut İmarlı,Arsa,265000,TRY,265000,TRY,,,,1445,8229,Afyonkarahisar,8948,Şuhut,8950,Hacı Musa
667732,1600328,Sale,Daire,Konut,289000,TRY,289000,TRY,2,1,2 + 1,85,3960,Antalya,4947,Muratpaşa,4949,Fener
667733,1373493,Sale,Daire,Konut,175000,TRY,175000,TRY,2,1,2 + 1,100,3960,Antalya,4226,Döşemealtı,4232,Bahçeyaka
667734,1815032,Sale,Konut İmarlı,Arsa,260000,TRY,260000,TRY,,,,244,23133,Kahramanmaraş,23817,Onikişubat,23984,Abdülhamid Han
667735,1685233,Sale,Çiftlik Evi,Konut,320000,TRY,320000,TRY,3,1,3 + 1,1000,2554,İzmir,3729,Seferihisar,3746,Kavakdere
667736,1989787,Sale,Daire,Konut,97000,TRY,97000,TRY,1,1,1 + 1,60,35966,Sakarya,36419,Karasu,36424,Yalı
667737,1589976,Rent,Daire,Konut,750,TRY,750,TRY,1,1,1 + 1,75,6826,Adana,7452,Seyhan,7543,Yeşilyurt
667738,1485348,Rent,Villa,Konut,990,TRY,990,TRY,4,1,4 + 1,300,10423,Aydın,10831,Kuşadası,10842,Kadınlar Denizi
667739,1631899,Sale,Daire,Konut,340000,TRY,340000,TRY,3,1,3 + 1,115,1,İstanbul,682,Sancaktepe,699,Veysel Karani
667740,1168621,Rent,Cafe / Restoran / Bar,İşyeri,9000,TRY,9000,TRY,,,,250,1,İstanbul,241,Beyoğlu,264,Katip Mustafa Çelebi
667741,1792310,Sale,Daire,Konut,330000,TRY,330000,TRY,3,1,3 + 1,180,5092,Bursa,5969,Osmangazi,6004,Akpınar
667742,1634321,Sale,Villa,Konut,370000,TRY,370000,TRY,3,1,3 + 1,160,10423,Aydın,10576,Didim,10587,Yeni
667743,1594807,Sale,Daire,Konut,180000,TRY,180000,TRY,3,1,3 + 1,120,26630,Konya,27935,Selçuklu,27997,Şeyh Şamil
667744,1743630,Sale,Tarla,Arsa,110000,TRY,110000,TRY,,,,1266,17732,Elazığ,17893,Elazığ Merkez,68390,Durupınar Köyü
667745,1093096,Sale,Yazlık,Konut,210000,TRY,210000,TRY,1149,0,10 ve üzeri,75,10423,Aydın,10576,Didim,10589,Akbük
667746,1577420,Sale,Daire,Konut,145000,TRY,145000,TRY,2,1,2 + 1,95,40596,Tekirdağ,40626,Çorlu,40629,Cemaliye
667747,1367614,Sale,Daire,Konut,660000,TRY,660000,TRY,3,1,3 + 1,190,9806,Amasya,9865,Amasya Merkez,69926,Hızırpaşa
667748,1085849,Sale,Daire,Konut,495000,TRY,495000,TRY,3,1,3 + 1,140,11210,Balıkesir,11304,Bandırma,11313,Paşakent
667749,1737838,Rent,Daire,Konut,1150,TRY,1150,TRY,3,1,3 + 1,165,6826,Adana,6995,Çukurova,6997,Beyazevler
667750,1723306,Sale,Daire,Konut,289000,TRY,289000,TRY,2,1,2 + 1,125,6826,Adana,6995,Çukurova,7008,Toros
667751,1876199,Sale,Daire,Konut,260000,TRY,260000,TRY,3,1,3 + 1,185,20173,Gaziantep,20627,Şahinbey,20805,Küçükkızılhisar
667752,1854073,Sale,Daire,Konut,420000,TRY,420000,TRY,2,1,2 + 1,150,2554,İzmir,3480,Menderes,3510,Akçaköy
667753,1678490,Rent,Daire,Konut,550,TRY,550,TRY,2,1,2 + 1,100,13052,Bilecik,13092,Bilecik Merkez,69860,İsmetpaşa
667754,1790504,Sale,Tarla,Arsa,175000,TRY,175000,TRY,,,,11700,40596,Tekirdağ,40846,Saray,40868,Kadıköy
667755,1415055,Sale,Daire,Konut,240000,TRY,240000,TRY,2,1,2 + 1,90,1,İstanbul,871,Sultanbeyli,876,Battalgazi
667756,1951811,Sale,Villa,Konut,535000,TRY,535000,TRY,4,1,4 + 1,210,2554,İzmir,2684,Bergama,2766,Bahçelievler
667757,1684920,Sale,Daire,Konut,275000,TRY,275000,TRY,3,1,3 + 1,145,3960,Antalya,4641,Konyaaltı,4657,Sarısu
667758,1738579,Sale,Daire,Konut,285000,TRY,285000,TRY,3,1,3 + 1,200,10423,Aydın,10831,Kuşadası,10833,İkiçeşmelik
667759,1882481,Sale,Müstakil Ev,Konut,350000,TRY,350000,TRY,3,1,3 + 1,225,11210,Balıkesir,11304,Bandırma,11344,Edincik
667760,2010049,Sale,Daire,Konut,210000,TRY,210000,TRY,1,1,1 + 1,70,3960,Antalya,4641,Konyaaltı,4647,Liman
667761,496961,Sale,Daire,Konut,136500,TRY,136500,TRY,1,1,1 + 1,45,2554,İzmir,2907,Buca,2915,Yıldız
667762,2264350,Sale,Daire,Konut,290000,TRY,290000,TRY,4,1,4 + 1,165,1012,Ankara,1041,Altındağ,1077,Yıldıztepe
667763,1939927,Sale,Daire,Konut,175000,TRY,175000,TRY,2,1,2 + 1,80,32637,Muğla,32638,Bodrum,32693,Mumcular
667764,1428590,Sale,Konut İmarlı,Arsa,2000000,TRY,2000000,TRY,,,,1470,32637,Muğla,32638,Bodrum,32639,Ortakentyahşi
667765,813856,Sale,Daire,Konut,280000,TRY,280000,TRY,2,1,2 + 1,90,11210,Balıkesir,11455,Burhaniye,11457,Kocacami
667766,1807781,Rent,Daire,Konut,15000,TRY,15000,TRY,2,1,2 + 1,110,31676,Mersin,32601,Yenişehir,32605,Çiftlikköy
667767,1827376,Sale,Daire,Konut,180000,TRY,180000,TRY,2,1,2 + 1,75,40596,Tekirdağ,40626,Çorlu,40628,Alipaşa
667768,1720180,Rent,Rezidans,Konut,4700,TRY,4700,TRY,3,1,3 + 1,158,1,İstanbul,101,Bahçelievler,74749,Yenibosna Merkez
667769,2190738,Sale,Daire,Konut,190000,TRY,190000,TRY,1,1,1 + 1,60,2554,İzmir,2860,Bornova,2883,Mevlana
667770,2019574,Sale,Daire,Konut,399000,TRY,399000,TRY,3,1,3 + 1,130,1,İstanbul,644,Pendik,668,Orhangazi
667771,1714623,Sale,Daire,Konut,225000,TRY,225000,TRY,3,1,3 + 1,137,13752,Bolu,13823,Bolu Merkez,72327,Akpınar
667772,1785426,Rent,Daire,Konut,1400,TRY,1400,TRY,2,1,2 + 1,95,2554,İzmir,3183,Karşıyaka,3196,Yalı
667773,1699662,Sale,Tarla,Arsa,34000,TRY,34000,TRY,,,,1600,2554,İzmir,2684,Bergama,2752,Yukarıkırıklar
667774,1861055,Rent,Daire,Konut,550,TRY,550,TRY,2,1,2 + 1,90,1012,Ankara,1912,Keçiören,1949,Osmangazi
667775,1628371,Sale,Daire,Konut,135000,TRY,135000,TRY,2,1,2 + 1,85,8229,Afyonkarahisar,8669,Afyonkarahisar Merkez,70460,Esentepe
667776,2271651,Rent,Dükkan / Mağaza,İşyeri,5000,TRY,5000,TRY,,,,300,10423,Aydın,10831,Kuşadası,10842,Kadınlar Denizi
667777,2040237,Sale,Daire,Konut,122500,TRY,122500,TRY,1,1,1 + 1,55,10423,Aydın,10576,Didim,10582,Cumhuriyet
667778,1678894,Sale,Daire,Konut,308000,TRY,308000,TRY,2,1,2 + 1,95,1,İstanbul,580,Kartal,597,Yukarı
667779,2063427,Sale,Daire,Konut,295000,TRY,295000,TRY,1,1,1 + 1,60,2554,İzmir,3183,Karşıyaka,3185,Aksoy
667780,1852420,Rent,Daire,Konut,800,TRY,800,TRY,2,1,2 + 1,70,22677,Isparta,22847,Isparta Merkez,70437,Çünür
667781,1170370,Sale,Villa,Konut,750000,TRY,750000,TRY,5,2,5 + 2,270,6253,Kocaeli,6254,Başiskele,6277,Şehitekrem
667782,1954631,Rent,Daire,Konut,1100,TRY,1100,TRY,3,1,3 + 1,165,41649,Trabzon,41650,Akçaabat,41661,Yıldızlı
667783,1686926,Rent,Müstakil Ev,Konut,250,TRY,250,TRY,2,1,2 + 1,90,11210,Balıkesir,11211,Ayvalık,11220,Fethiye
667784,1851663,Sale,Tarla,Arsa,405000,TRY,405000,TRY,,,,27300,5092,Bursa,5232,İnegöl,5348,Madenköy
667785,2220221,Rent,Daire,Konut,1000,TRY,1000,TRY,3,1,3 + 1,110,2554,İzmir,2907,Buca,2910,Atatürk
667786,1721986,Sale,Daire,Konut,290000,TRY,290000,TRY,3,1,3 + 1,150,10423,Aydın,11113,Efeler,11120,Ata
667787,938717,Sale,Daire,Konut,195000,TRY,195000,TRY,4,1,4 + 1,145,1012,Ankara,1912,Keçiören,1925,Ufuktepe
667788,2077938,Rent,Daire,Konut,550,TRY,550,TRY,3,1,3 + 1,130,29689,Manisa,30838,Yunusemre,30862,Yeni Mahalle
667789,1515785,Sale,Dükkan / Mağaza,İşyeri,135000,TRY,135000,TRY,,,,65,10423,Aydın,10576,Didim,10579,Efeler
667790,622281,Sale,Daire,Konut,320000,TRY,320000,TRY,2,1,2 + 1,85,1,İstanbul,101,Bahçelievler,103,Şirinevler
667791,1645702,Sale,Daire,Konut,97000,TRY,97000,TRY,2,1,2 + 1,90,1012,Ankara,1565,Etimesgut,1575,30 Ağustos
667792,1366273,Sale,Daire,Konut,1200000,TRY,1200000,TRY,6,1,6 + 1,350,20173,Gaziantep,20817,Şehitkamil,20915,Atatürk
667793,1591073,Sale,Daire,Konut,145000,TRY,145000,TRY,3,1,3 + 1,130,26025,Kırıkkale,26116,Kırıkkale Merkez,72923,Ovacık
667794,709933,Sale,Daire,Konut,223000,TRY,223000,TRY,2,1,2 + 1,100,6826,Adana,7452,Seyhan,7547,Tellidere
667795,855759,Sale,Daire,Konut,260000,TRY,260000,TRY,2,1,2 + 1,85,1,İstanbul,144,Bayrampaşa,149,Yıldırım
667796,1434075,Sale,Daire,Konut,415000,TRY,415000,TRY,3,1,3 + 1,120,2554,İzmir,3480,Menderes,3487,Çukuraltı
667797,1898026,Rent,Daire,Konut,1100,TRY,1100,TRY,2,1,2 + 1,85,2554,İzmir,3366,Konak,3370,Akın Simav
667798,1586700,Rent,Daire,Konut,15000,TRY,15000,TRY,1,1,1 + 1,85,2554,İzmir,2957,Çeşme,2974,Musalla
667799,1222829,Sale,Dükkan / Mağaza,İşyeri,4500000,TRY,4500000,TRY,,,,304,1,İstanbul,101,Bahçelievler,111,Çobançeşme
667800,2055159,Rent,Daire,Konut,900,TRY,900,TRY,1,0,1 + 0,45,6253,Kocaeli,6305,Darıca,6310,Emek
667801,1940638,Rent,Daire,Konut,700,TRY,700,TRY,3,1,3 + 1,140,24121,Karaman,24214,Karaman Merkez,69715,İmaret
667802,1673586,Sale,Daire,Konut,700000,TRY,700000,TRY,5,1,5 + 1,380,2554,İzmir,2907,Buca,2922,Dicle
667803,2105446,Rent,Daire,Konut,750,TRY,750,TRY,2,1,2 + 1,110,6253,Kocaeli,6357,Gebze,6359,Adem Yavuz
667804,1545291,Sale,Daire,Konut,435000,TRY,435000,TRY,4,1,4 + 1,190,32637,Muğla,32746,Fethiye,32759,Tuzla
667805,1903707,Sale,Daire,Konut,125000,TRY,125000,TRY,2,1,2 + 1,80,3960,Antalya,4574,Kepez,4614,Teomanpaşa
667806,2204122,Sale,Daire,Konut,185000,TRY,185000,TRY,2,1,2 + 1,100,19584,Eskişehir,20081,Tepebaşı,20135,Güllük
667807,2090699,Rent,Daire,Konut,1100,TRY,1100,TRY,2,1,2 + 1,130,6826,Adana,7452,Seyhan,7540,Pınar
667808,1872951,Rent,Daire,Konut,7000,TRY,7000,TRY,5,1,5 + 1,335,20173,Gaziantep,20817,Şehitkamil,20844,Şehirgösteren
667809,465186,Sale,Daire,Konut,430000,TRY,430000,TRY,3,1,3 + 1,115,1,İstanbul,625,Maltepe,637,Zümrütevler
667810,727092,Sale,Konut İmarlı,Arsa,28500,TRY,28500,TRY,,,,300,10423,Aydın,10576,Didim,10591,Ak-Yeniköy
667811,2116828,Sale,Daire,Konut,325000,TRY,325000,TRY,3,1,3 + 1,126,3960,Antalya,4574,Kepez,4601,Hüsnü Karakaş
667812,1564300,Sale,Daire,Konut,680000,TRY,680000,TRY,3,1,3 + 1,125,1,İstanbul,580,Kartal,589,Orta
667813,1571039,Sale,Dükkan / Mağaza,İşyeri,450000,TRY,450000,TRY,,,,180,32637,Muğla,32956,Milas,33007,Cumhuriyet
667814,531733,Sale,Villa,Konut,525000,TRY,525000,TRY,5,1,5 + 1,200,10423,Aydın,10831,Kuşadası,10842,Kadınlar Denizi
667815,2031204,Sale,Daire,Konut,145000,TRY,145000,TRY,2,1,2 + 1,95,1,İstanbul,394,Esenyurt,52054,Balıkyolu
667816,806790,Sale,Daire,Konut,244000,TRY,244000,TRY,3,1,3 + 1,120,1,İstanbul,394,Esenyurt,57835,Süleymaniye
667817,2023274,Sale,Bağ,Arsa,80000,TRY,80000,TRY,,,,1200,41024,Tokat,41192,Tokat Merkez,67692,Çerçi Köyü
667818,1464838,Rent,Daire,Konut,400,TRY,400,TRY,1,1,1 + 1,55,32637,Muğla,32638,Bodrum,32699,Turgutreis
667819,1721441,Sale,Daire,Konut,250000,TRY,250000,TRY,2,1,2 + 1,75,1,İstanbul,742,Şile,745,Çavuş
667820,1768728,Rent,Daire,Konut,900,TRY,900,TRY,1,1,1 + 1,40,10423,Aydın,10831,Kuşadası,10848,Cumhuriyet
667821,2008431,Rent,Daire,Konut,900,TRY,900,TRY,2,1,2 + 1,100,3960,Antalya,4947,Muratpaşa,4970,Etiler
667822,1130282,Sale,Müstakil Ev,Konut,275000,TRY,275000,TRY,3,1,3 + 1,186,35966,Sakarya,35967,Adapazarı,35984,Hızırtepe
667823,2172712,Sale,Daire,Konut,268000,TRY,268000,TRY,3,1,3 + 1,170,20173,Gaziantep,20817,Şehitkamil,66306,Fıstıklık
667824,1464087,Rent,Daire,Konut,1200,TRY,1200,TRY,2,1,2 + 1,126,15241,Denizli,15957,Merkezefendi,15976,Sırakapılar
667825,1272297,Sale,Daire,Konut,175000,TRY,175000,TRY,3,1,3 + 1,135,5092,Bursa,5232,İnegöl,5310,Esentepe
667826,1696487,Sale,Konut İmarlı,Arsa,375000,TRY,375000,TRY,,,,225,1,İstanbul,682,Sancaktepe,696,Mevlana
667827,1695981,Sale,Daire,Konut,5250000,TRY,5250000,TRY,6,1,6 + 1,340,1,İstanbul,703,Sarıyer,728,Poligon
667828,1682028,Rent,Daire,Konut,600,TRY,600,TRY,2,1,2 + 1,105,32637,Muğla,32706,Dalaman,32709,Karaçalı
667829,1844444,Rent,Daire,Konut,1050,TRY,1050,TRY,2,1,2 + 1,95,1,İstanbul,241,Beyoğlu,274,Örnektepe
667830,1967048,Rent,Daire,Konut,1600,TRY,1600,TRY,2,1,2 + 1,120,1,İstanbul,67,Avcılar,70,Denizköşkler
667831,1587340,Sale,Özel Kullanım,Arsa,130000,TRY,130000,TRY,,,,298,2554,İzmir,3019,Dikili,3028,Çandarlı
667832,1979154,Sale,Bahçe,Arsa,190000,TRY,190000,TRY,,,,163,14264,Çanakkale,14265,Ayvacık,46453,Balabanlı Köyü
667833,2176456,Sale,Bahçe,Arsa,250000,TRY,250000,TRY,,,,10100,35966,Sakarya,36305,Hendek,36365,Şeyhler
667834,1700092,Sale,Daire,Konut,560000,TRY,560000,TRY,3,1,3 + 1,180,2554,İzmir,3183,Karşıyaka,3188,Bahçelievler
667835,2102985,Sale,Daire,Konut,110000,TRY,110000,TRY,2,1,2 + 1,115,36701,Samsun,37367,İlkadım,37384,Rasathane
667836,2014607,Sale,Daire,Konut,295000,TRY,295000,TRY,3,1,3 + 1,120,19584,Eskişehir,20081,Tepebaşı,20125,Ömerağa
667837,1554294,Sale,Oto Yıkama & Oto Kuaförü,İşyeri,230000,TRY,230000,TRY,,,,300,1,İstanbul,601,Küçükçekmece,608,İnönü
667838,2019994,Sale,Konut İmarlı,Arsa,139000,TRY,139000,TRY,,,,150,11210,Balıkesir,11609,Edremit,11661,Zeytinli
667839,1876316,Sale,Çok Amaçlı,Arsa,150000,TRY,150000,TRY,,,,400,7732,Adıyaman,7925,Kahta,7945,Girne
667840,2083401,Rent,Daire,Konut,1250,TRY,1250,TRY,1,1,1 + 1,60,20173,Gaziantep,20627,Şahinbey,20816,Yeditepe
667841,881624,Sale,Daire,Konut,160000,TRY,160000,TRY,2,1,2 + 1,90,11210,Balıkesir,11609,Edremit,11640,Akçay
667842,1830885,Sale,Konut İmarlı,Arsa,650000,TRY,650000,TRY,,,,237,1,İstanbul,131,Başakşehir,136,Güvercintepe
667843,2243885,Sale,Villa,Konut,1850000,TRY,1850000,TRY,6,1,6 + 1,350,1,İstanbul,355,Çekmeköy,368,Mimar Sinan
667844,2012777,Sale,Daire,Konut,165000,TRY,165000,TRY,2,1,2 + 1,110,22677,Isparta,22847,Isparta Merkez,69951,Halıkent
667845,2077845,Sale,Daire,Konut,249000,TRY,249000,TRY,3,1,3 + 1,165,36701,Samsun,36803,Atakum,36826,Yenimahalle
667846,2096194,Rent,Daire,Konut,800,TRY,800,TRY,1,1,1 + 1,65,1,İstanbul,67,Avcılar,69,Cihangir
667847,1260300,Sale,Daire,Konut,345000,TRY,345000,TRY,3,1,3 + 1,132,5092,Bursa,5776,Nilüfer,5792,Kayapa
667848,2100006,Rent,Daire,Konut,1200,TRY,1200,TRY,2,1,2 + 1,125,5092,Bursa,5776,Nilüfer,5802,Demirci
667849,1757482,Rent,Daire,Konut,1050,TRY,1050,TRY,2,1,2 + 1,120,1,İstanbul,580,Kartal,581,Atalar
667850,2005563,Sale,Daire,Konut,165000,TRY,165000,TRY,3,1,3 + 1,125,1012,Ankara,2071,Mamak,2076,Şahintepe
667851,1620577,Sale,Dükkan / Mağaza,İşyeri,380000,TRY,380000,TRY,,,,100,10423,Aydın,10831,Kuşadası,10853,Davutlar
667852,1089852,Sale,Villa,Konut,450000,TRY,450000,TRY,5,1,5 + 1,180,10423,Aydın,10576,Didim,10589,Akbük
667853,2126608,Sale,Daire,Konut,560000,TRY,560000,TRY,2,1,2 + 1,125,3960,Antalya,4947,Muratpaşa,4950,Güzeloba
667854,1567621,Sale,Yazlık,Konut,350000,TRY,350000,TRY,3,1,3 + 1,120,2554,İzmir,3729,Seferihisar,3738,Payamlı
667855,1590031,Sale,Daire,Konut,245000,TRY,245000,TRY,3,1,3 + 1,145,2554,İzmir,2660,Bayraklı,2683,Yamanlar
667856,2123133,Sale,Daire,Konut,480000,TRY,480000,TRY,4,1,4 + 1,200,1012,Ankara,1565,Etimesgut,1569,Eryaman
667857,1181318,Sale,Daire,Konut,350000,TRY,350000,TRY,1,1,1 + 1,47,1012,Ankara,1322,Çankaya,1364,İlkbahar
667858,2138589,Rent,Daire,Konut,200,TRY,200,TRY,2,1,2 + 1,110,10423,Aydın,10831,Kuşadası,10832,Türkmen
667859,1853796,Rent,Daire,Konut,1250,TRY,1250,TRY,3,1,3 + 1,170,6826,Adana,6995,Çukurova,7008,Toros
667860,2041738,Sale,Daire,Konut,265000,TRY,265000,TRY,3,1,3 + 1,190,18260,Erzurum,19480,Yakutiye,19546,Kazım Karabekir Paşa
667861,1741360,Sale,Müstakil Ev,Konut,350000,TRY,350000,TRY,3,1,3 + 1,140,35966,Sakarya,36419,Karasu,36424,Yalı
667862,938790,Sale,Daire,Konut,155000,TRY,155000,TRY,3,1,3 + 1,130,6826,Adana,7452,Seyhan,7506,Mirzaçelebi
667863,709318,Sale,Daire,Konut,170000,TRY,170000,TRY,2,1,2 + 1,80,6253,Kocaeli,6320,Derince,6326,İbnisina
667864,1399986,Sale,Daire,Konut,190000,TRY,190000,TRY,3,1,3 + 1,150,1,İstanbul,67,Avcılar,75,Merkez
667865,1776705,Sale,Daire,Konut,209000,TRY,209000,TRY,2,1,2 + 1,85,1,İstanbul,101,Bahçelievler,105,Cumhuriyet
667866,856666,Sale,Muhtelif Arsa,Arsa,30000,TRY,30000,TRY,,,,900,35966,Sakarya,36472,Kaynarca,36509,Gölce
667867,2168307,Sale,Daire,Konut,400000,TRY,400000,TRY,4,1,4 + 1,220,31676,Mersin,32601,Yenişehir,32610,Menteş
667868,2178321,Sale,Daire,Konut,255000,TRY,255000,TRY,3,1,3 + 1,165,9494,Aksaray,9593,Aksaray Merkez,72231,Paşacık
667869,2117814,Rent,Plaza Ofisi,İşyeri,40000,TRY,40000,TRY,,,,850,1,İstanbul,843,Şişli,865,19 Mayıs
667870,1572790,Sale,Daire,Konut,935000,TRY,935000,TRY,3,1,3 + 1,125,1,İstanbul,537,Kadıköy,539,Erenköy
667871,1855127,Sale,Daire,Konut,350000,TRY,350000,TRY,2,1,2 + 1,80,32637,Muğla,32638,Bodrum,32702,Yalıkavak
667872,2225963,Rent,Daire,Konut,1000,TRY,1000,TRY,2,1,2 + 1,80,3960,Antalya,4641,Konyaaltı,4647,Liman
667873,1026085,Sale,Daire,Konut,875000,TRY,875000,TRY,3,1,3 + 1,145,1,İstanbul,580,Kartal,594,Kordonboyu
667874,444771,Sale,Daire,Konut,430000,TRY,430000,TRY,3,1,3 + 1,117,1,İstanbul,580,Kartal,600,Yakacık Yeni
667875,1734735,Sale,Zeytinlik,Arsa,45000,TRY,45000,TRY,,,,2334,2554,İzmir,2598,Bayındır,2650,Yusuflu
667876,2027267,Rent,Daire,Konut,800,TRY,800,TRY,2,1,2 + 1,95,1012,Ankara,1912,Keçiören,1924,Tepebaşı
667877,2115489,Rent,Daire,Konut,750,TRY,750,TRY,1,1,1 + 1,70,10423,Aydın,11113,Efeler,11133,Orta
667878,1367585,Sale,Daire,Konut,399000,TRY,399000,TRY,1,1,1 + 1,70,1,İstanbul,66134,Eyüpsultan,66199,Göktürk Merkez
667879,1751334,Rent,Daire,Konut,700,TRY,700,TRY,3,1,3 + 1,165,31676,Mersin,32049,Mezitli,32062,Akdeniz
667880,1762537,Sale,Daire,Konut,190000,TRY,190000,TRY,1,1,1 + 1,60,11210,Balıkesir,11609,Edremit,11640,Akçay
667881,829537,Sale,Daire,Konut,160000,TRY,160000,TRY,2,1,2 + 1,105,2554,İzmir,3858,Torbalı,74416,Ayrancılar
667882,1758641,Sale,Daire,Konut,260000,TRY,260000,TRY,3,1,3 + 1,160,26630,Konya,26665,Akşehir,26684,Yarenler
667883,1988196,Sale,Konut İmarlı,Arsa,825000,TRY,825000,TRY,,,,5552,40596,Tekirdağ,40950,Süleymanpaşa,40963,Kumbağ
667884,2173437,Sale,Daire,Konut,250000,TRY,250000,TRY,3,1,3 + 1,165,25014,Kayseri,25366,Melikgazi,25428,Hürriyet
667885,2069786,Sale,Daire,Konut,170000,TRY,170000,TRY,2,1,2 + 1,120,1,İstanbul,229,Beylikdüzü,232,Cumhuriyet
667886,1932136,Sale,Özel Kullanım,Arsa,10000,TRY,10000,TRY,,,,500,9806,Amasya,9865,Amasya Merkez,70403,Hacılar Meydanı
667887,2222220,Rent,Daire,Konut,3100,TRY,3100,TRY,3,1,3 + 1,145,1,İstanbul,537,Kadıköy,545,Bostancı
667888,1896552,Sale,Tarla,Arsa,55000,TRY,55000,TRY,,,,1058,5092,Bursa,5232,İnegöl,5249,Gedikpınar
667889,2308818,Sale,Daire,Konut,155000,TRY,155000,TRY,3,1,3 + 1,150,1,İstanbul,394,Esenyurt,45468,Mehmet Akif Ersoy
667890,1536214,Sale,Daire,Konut,1730000,TRY,1730000,TRY,4,1,4 + 1,198,1,İstanbul,703,Sarıyer,704,Maslak
667891,1605107,Sale,Daire,Konut,285000,TRY,285000,TRY,2,1,2 + 1,100,20173,Gaziantep,20817,Şehitkamil,20962,Güvenevler
667892,1929604,Sale,Bahçe,Arsa,320000,TRY,320000,TRY,,,,1580,26630,Konya,27935,Selçuklu,28023,Sille Ak
667893,2225629,Sale,Özel Kullanım,Arsa,1749000,TRY,1749000,TRY,,,,3478,1,İstanbul,314,Çatalca,348,Yalıköy
667894,1908182,Sale,Tarla,Arsa,375000,TRY,375000,TRY,,,,1570,32637,Muğla,32917,Marmaris,32949,Selimiye
667895,1593388,Sale,Daire,Konut,133000,TRY,133000,TRY,3,1,3 + 1,120,40596,Tekirdağ,40597,Çerkezköy,40603,Fevzi Paşa
667896,1890714,Sale,Daire,Konut,1250000,TRY,1250000,TRY,4,1,4 + 1,210,1,İstanbul,131,Başakşehir,133,Başakşehir
667897,2287644,Sale,Daire,Konut,185000,TRY,185000,TRY,3,1,3 + 1,210,1012,Ankara,1912,Keçiören,1919,İncirli
667898,1388211,Sale,Daire,Konut,255000,TRY,255000,TRY,3,1,3 + 1,165,41649,Trabzon,42456,Ortahisar,42476,Çukurçayır
667899,1682768,Sale,Çok Amaçlı,Arsa,15000,TRY,15000,TRY,,,,15000,17102,Düzce,17250,Düzce Merkez,70943,Boğaziçi Bld. (Şekerpınar)
667900,2206180,Sale,Villa,Konut,72000,TRY,72000,TRY,2,1,2 + 1,75,25014,Kayseri,25245,Kocasinan,25319,Gevhernesibe
667901,1482641,Sale,Çok Amaçlı,Arsa,220000,TRY,220000,TRY,,,,2400,6253,Kocaeli,6788,Körfez,6816,Sipahiler
667902,2249814,Sale,Daire,Konut,750000,TRY,750000,TRY,3,1,3 + 1,105,1,İstanbul,537,Kadıköy,541,Suadiye
667903,1885425,Sale,Daire,Konut,130000,TRY,130000,TRY,3,1,3 + 1,110,1012,Ankara,1912,Keçiören,1938,Hisar
667904,1932190,Sale,Daire,Konut,400000,TRY,400000,TRY,3,1,3 + 1,150,2554,İzmir,3752,Selçuk,3755,Zafer
667905,2220492,Sale,Villa,Konut,1200000,TRY,1200000,TRY,4,1,4 + 1,300,2554,İzmir,3921,Urla,3942,Yenice
